dataproduct_type,dataproduct_subtype,facility_name,calib_level,target_name,obs_id,obs_collection,obs_publisher_did,access_url,access_format,s_resolution,s_xel1,s_xel2,t_xel,t_min,t_max,t_exptime,t_resolution,em_xel,em_min,em_max,em_res_power,em_filter_name,o_ucd,pol_xel,instrument_name,lsst_visit,lsst_detector,lsst_tract,lsst_patch,lsst_band,lsst_filter,obs_title,s_ra,s_dec,s_fov,s_region
image,lsst.deep_coadd,Rubin:Simonyi,3,,lsst_cells_v2-9570-70,LSST.DP2,ivo://org.rubinobs/usdac/lsst-dp2?repo=dp2&id=019ed8bf-429e-74e5-a912-5af2bd5e8b7b,https://data.lsst.cloud/api/datalink/links?ID=ivo%3A%2F%2Forg.rubinobs%2Flsst-dp2%3Frepo%3Ddp2%26id%3D019ed8bf-429e-74e5-a912-5af2bd5e8b7b,application/x-votable+xml;content=datalink,,3300,3300,,,,,,,6.936e-07,8.188e-07,,i,phot.flux.density,,LSSTCam,,,9570,70,i,,deep_coadd - i - tract=9570 patch=70,150.37969046506464,1.1603879185456634,0.25924159330542634,POLYGON ICRS 150.288010 1.068755 150.471341 1.068711 150.471376 1.252014 150.288038 1.252067
image,lsst.deep_coadd,Rubin:Simonyi,3,,lsst_cells_v2-9570-71,LSST.DP2,ivo://org.rubinobs/usdac/lsst-dp2?repo=dp2&id=019ed8bf-1614-7397-9b2c-3fe62cf1f149,https://data.lsst.cloud/api/datalink/links?ID=ivo%3A%2F%2Forg.rubinobs%2Flsst-dp2%3Frepo%3Ddp2%26id%3D019ed8bf-1614-7397-9b2c-3fe62cf1f149,application/x-votable+xml;content=datalink,,3300,3300,,,,,,,6.936e-07,8.188e-07,,i,phot.flux.density,,LSSTCam,,,9570,71,i,,deep_coadd - i - tract=9570 patch=71,150.21301727176154,1.1604271900395067,0.25925160796671803,POLYGON ICRS 150.121334 1.068787 150.304677 1.068752 150.304705 1.252063 150.121355 1.252103
image,lsst.deep_coadd,Rubin:Simonyi,3,,lsst_cells_v2-9570-72,LSST.DP2,ivo://org.rubinobs/usdac/lsst-dp2?repo=dp2&id=019ed8bf-b4dd-7136-a3bc-6629ac6a15ef,https://data.lsst.cloud/api/datalink/links?ID=ivo%3A%2F%2Forg.rubinobs%2Flsst-dp2%3Frepo%3Ddp2%26id%3D019ed8bf-b4dd-7136-a3bc-6629ac6a15ef,application/x-votable+xml;content=datalink,,3300,3300,,,,,,,6.936e-07,8.188e-07,,i,phot.flux.density,,LSSTCam,,,9570,72,i,,deep_coadd - i - tract=9570 patch=72,150.04633420411275,1.1604566458606125,0.2592583338395299,POLYGON ICRS 149.954650 1.068809 150.138002 1.068784 150.138023 1.252100 149.954663 1.252129
image,lsst.deep_coadd,Rubin:Simonyi,3,,lsst_cells_v2-9570-73,LSST.DP2,ivo://org.rubinobs/usdac/lsst-dp2?repo=dp2&id=019ed8bf-8888-742a-b3e0-92e2b584c352,https://data.lsst.cloud/api/datalink/links?ID=ivo%3A%2F%2Forg.rubinobs%2Flsst-dp2%3Frepo%3Ddp2%26id%3D019ed8bf-8888-742a-b3e0-92e2b584c352,application/x-votable+xml;content=datalink,,3300,3300,,,,,,,6.936e-07,8.188e-07,,i,phot.flux.density,,LSSTCam,,,9570,73,i,,deep_coadd - i - tract=9570 patch=73,149.879644082773,1.1604762837796607,0.25926257402724573,POLYGON ICRS 149.787960 1.068822 149.971318 1.068807 149.971333 1.252127 149.787966 1.252145
image,lsst.deep_coadd,Rubin:Simonyi,3,,lsst_cells_v2-9570-74,LSST.DP2,ivo://org.rubinobs/usdac/lsst-dp2?repo=dp2&id=019ed8bf-6d4b-70f0-83de-63ec9da41024,https://data.lsst.cloud/api/datalink/links?ID=ivo%3A%2F%2Forg.rubinobs%2Flsst-dp2%3Frepo%3Ddp2%26id%3D019ed8bf-6d4b-70f0-83de-63ec9da41024,application/x-votable+xml;content=datalink,,3300,3300,,,,,,,6.936e-07,8.188e-07,,i,phot.flux.density,,LSSTCam,,,9570,74,i,,deep_coadd - i - tract=9570 patch=74,149.71294972912233,1.1604861022912238,0.2592635238471431,POLYGON ICRS 149.621267 1.068826 149.804629 1.068821 149.804636 1.252144 149.621267 1.252149
image,lsst.deep_coadd,Rubin:Simonyi,3,,lsst_cells_v2-9570-75,LSST.DP2,ivo://org.rubinobs/usdac/lsst-dp2?repo=dp2&id=019ed8bf-40de-73f1-9432-3312ec25a126,https://data.lsst.cloud/api/datalink/links?ID=ivo%3A%2F%2Forg.rubinobs%2Flsst-dp2%3Frepo%3Ddp2%26id%3D019ed8bf-40de-73f1-9432-3312ec25a126,application/x-votable+xml;content=datalink,,3300,3300,,,,,,,6.936e-07,8.188e-07,,i,phot.flux.density,,LSSTCam,,,9570,75,i,,deep_coadd - i - tract=9570 patch=75,149.5462539649632,1.1604861006574823,0.2592635240865665,POLYGON ICRS 149.454575 1.068821 149.637936 1.068826 149.637937 1.252149 149.454567 1.252144
image,lsst.deep_coadd,Rubin:Simonyi,3,,lsst_cells_v2-9570-80,LSST.DP2,ivo://org.rubinobs/usdac/lsst-dp2?repo=dp2&id=019ed8bf-f2d4-7613-a0e5-19c9c57f9587,https://data.lsst.cloud/api/datalink/links?ID=ivo%3A%2F%2Forg.rubinobs%2Flsst-dp2%3Frepo%3Ddp2%26id%3D019ed8bf-f2d4-7613-a0e5-19c9c57f9587,application/x-votable+xml;content=datalink,,3300,3300,,,,,,,6.936e-07,8.188e-07,,i,phot.flux.density,,LSSTCam,,,9570,80,i,,deep_coadd - i - tract=9570 patch=80,150.3797187913584,1.3270269314480805,0.2592362561600002,POLYGON ICRS 150.288035 1.235402 150.471373 1.235351 150.471408 1.418645 150.288062 1.418705
image,lsst.deep_coadd,Rubin:Simonyi,3,,lsst_cells_v2-9570-81,LSST.DP2,ivo://org.rubinobs/usdac/lsst-dp2?repo=dp2&id=019ed8bf-c5c6-7211-aec7-515323200b0a,https://data.lsst.cloud/api/datalink/links?ID=ivo%3A%2F%2Forg.rubinobs%2Flsst-dp2%3Frepo%3Ddp2%26id%3D019ed8bf-c5c6-7211-aec7-515323200b0a,application/x-votable+xml;content=datalink,,3300,3300,,,,,,,6.936e-07,8.188e-07,,i,phot.flux.density,,LSSTCam,,,9570,81,i,,deep_coadd - i - tract=9570 patch=81,150.21303930458618,1.3270718421547032,0.2592451738751694,POLYGON ICRS 150.121353 1.235439 150.304703 1.235398 150.304731 1.418700 150.121373 1.418746
image,lsst.deep_coadd,Rubin:Simonyi,3,,lsst_cells_v2-9570-82,LSST.DP2,ivo://org.rubinobs/usdac/lsst-dp2?repo=dp2&id=019ed8bf-b16d-77cf-9754-1efb182ecf0b,https://data.lsst.cloud/api/datalink/links?ID=ivo%3A%2F%2Forg.rubinobs%2Flsst-dp2%3Frepo%3Ddp2%26id%3D019ed8bf-b16d-77cf-9754-1efb182ecf0b,application/x-votable+xml;content=datalink,,3300,3300,,,,,,,6.936e-07,8.188e-07,,i,phot.flux.density,,LSSTCam,,,9570,82,i,,deep_coadd - i - tract=9570 patch=82,150.04634994234402,1.3271055277119912,0.259251606778839,POLYGON ICRS 149.954662 1.235464 150.138021 1.235435 150.138042 1.418742 149.954675 1.418775
image,lsst.deep_coadd,Rubin:Simonyi,3,,lsst_cells_v2-9570-83,LSST.DP2,ivo://org.rubinobs/usdac/lsst-dp2?repo=dp2&id=019ed8bf-158c-73ae-b726-a439455b7690,https://data.lsst.cloud/api/datalink/links?ID=ivo%3A%2F%2Forg.rubinobs%2Flsst-dp2%3Frepo%3Ddp2%26id%3D019ed8bf-158c-73ae-b726-a439455b7690,application/x-votable+xml;content=datalink,,3300,3300,,,,,,,6.936e-07,8.188e-07,,i,phot.flux.density,,LSSTCam,,,9570,83,i,,deep_coadd - i - tract=9570 patch=83,149.87965352561292,1.3271279855490659,0.259254749896931,POLYGON ICRS 149.787966 1.235479 149.971331 1.235462 149.971346 1.418773 149.787972 1.418793
image,lsst.deep_coadd,Rubin:Simonyi,3,,lsst_cells_v2-9570-84,LSST.DP2,ivo://org.rubinobs/usdac/lsst-dp2?repo=dp2&id=019ed8bf-0108-790b-b176-0c61b3e38d5b,https://data.lsst.cloud/api/datalink/links?ID=ivo%3A%2F%2Forg.rubinobs%2Flsst-dp2%3Frepo%3Ddp2%26id%3D019ed8bf-0108-790b-b176-0c61b3e38d5b,application/x-votable+xml;content=datalink,,3300,3300,,,,,,,6.936e-07,8.188e-07,,i,phot.flux.density,,LSSTCam,,,9570,84,i,,deep_coadd - i - tract=9570 patch=84,149.71295287608694,1.327139213957673,0.2592546028242973,POLYGON ICRS 149.621267 1.235484 149.804636 1.235478 149.804643 1.418792 149.621267 1.418798
image,lsst.deep_coadd,Rubin:Simonyi,3,,lsst_cells_v2-9570-85,LSST.DP2,ivo://org.rubinobs/usdac/lsst-dp2?repo=dp2&id=019ed8bf-f11d-7c7f-a200-1fddcd94fca2,https://data.lsst.cloud/api/datalink/links?ID=ivo%3A%2F%2Forg.rubinobs%2Flsst-dp2%3Frepo%3Ddp2%26id%3D019ed8bf-f11d-7c7f-a200-1fddcd94fca2,application/x-votable+xml;content=datalink,,3300,3300,,,,,,,6.936e-07,8.188e-07,,i,phot.flux.density,,LSSTCam,,,9570,85,i,,deep_coadd - i - tract=9570 patch=85,149.54625081589907,1.3271392120863446,0.2592546034244864,POLYGON ICRS 149.454568 1.235478 149.637937 1.235484 149.637937 1.418798 149.454561 1.418792
image,lsst.deep_coadd,Rubin:Simonyi,3,,lsst_cells_v2-9570-86,LSST.DP2,ivo://org.rubinobs/usdac/lsst-dp2?repo=dp2&id=019ed8bf-dc81-7432-b80b-9a8d415b59ca,https://data.lsst.cloud/api/datalink/links?ID=ivo%3A%2F%2Forg.rubinobs%2Flsst-dp2%3Frepo%3Ddp2%26id%3D019ed8bf-dc81-7432-b80b-9a8d415b59ca,application/x-votable+xml;content=datalink,,3300,3300,,,,,,,6.936e-07,8.188e-07,,i,phot.flux.density,,LSSTCam,,,9570,86,i,,deep_coadd - i - tract=9570 patch=86,149.37955016731536,1.3271279799327989,0.2592547494002153,POLYGON ICRS 149.287872 1.235462 149.471238 1.235479 149.471231 1.418793 149.287858 1.418773
image,lsst.deep_coadd,Rubin:Simonyi,3,,lsst_cells_v2-9570-90,LSST.DP2,ivo://org.rubinobs/usdac/lsst-dp2?repo=dp2&id=019ed8bf-8657-7d5b-bfc6-61131ef49bbd,https://data.lsst.cloud/api/datalink/links?ID=ivo%3A%2F%2Forg.rubinobs%2Flsst-dp2%3Frepo%3Ddp2%26id%3D019ed8bf-8657-7d5b-bfc6-61131ef49bbd,application/x-votable+xml;content=datalink,,3300,3300,,,,,,,6.936e-07,8.188e-07,,i,phot.flux.density,,LSSTCam,,,9570,90,i,,deep_coadd - i - tract=9570 patch=90,150.37974711984126,1.493656076880658,0.2592276303691049,POLYGON ICRS 150.288060 1.402041 150.471404 1.401983 150.471439 1.585265 150.288087 1.585331
image,lsst.deep_coadd,Rubin:Simonyi,3,,lsst_cells_v2-9570-91,LSST.DP2,ivo://org.rubinobs/usdac/lsst-dp2?repo=dp2&id=019ed8bf-d36a-7656-8bb4-9769c12e1193,https://data.lsst.cloud/api/datalink/links?ID=ivo%3A%2F%2Forg.rubinobs%2Flsst-dp2%3Frepo%3Ddp2%26id%3D019ed8bf-d36a-7656-8bb4-9769c12e1193,application/x-votable+xml;content=datalink,,3300,3300,,,,,,,6.936e-07,8.188e-07,,i,phot.flux.density,,LSSTCam,,,9570,91,i,,deep_coadd - i - tract=9570 patch=91,150.21306133910656,1.49370662580593,0.2592362549692197,POLYGON ICRS 150.121371 1.402082 150.304728 1.402037 150.304756 1.585326 150.121392 1.585377
image,lsst.deep_coadd,Rubin:Simonyi,3,,lsst_cells_v2-9570-92,LSST.DP2,ivo://org.rubinobs/usdac/lsst-dp2?repo=dp2&id=019ed8bf-3ea7-77a4-a533-f68e80008426,https://data.lsst.cloud/api/datalink/links?ID=ivo%3A%2F%2Forg.rubinobs%2Flsst-dp2%3Frepo%3Ddp2%26id%3D019ed8bf-3ea7-77a4-a533-f68e80008426,application/x-votable+xml;content=datalink,,3300,3300,,,,,,,6.936e-07,8.188e-07,,i,phot.flux.density,,LSSTCam,,,9570,92,i,,deep_coadd - i - tract=9570 patch=92,150.0463656817854,1.4937445403426668,0.2592415906429173,POLYGON ICRS 149.954674 1.402111 150.138041 1.402079 150.138062 1.585373 149.954688 1.585410
image,lsst.deep_coadd,Rubin:Simonyi,3,,lsst_cells_v2-9570-93,LSST.DP2,ivo://org.rubinobs/usdac/lsst-dp2?repo=dp2&id=019ed8bf-2a3c-7d49-b821-4fa27825c322,https://data.lsst.cloud/api/datalink/links?ID=ivo%3A%2F%2Forg.rubinobs%2Flsst-dp2%3Frepo%3Ddp2%26id%3D019ed8bf-2a3c-7d49-b821-4fa27825c322,application/x-votable+xml;content=datalink,,3300,3300,,,,,,,6.936e-07,8.188e-07,,i,phot.flux.density,,LSSTCam,,,9570,93,i,,deep_coadd - i - tract=9570 patch=93,149.87966296917708,1.4937698176013436,0.25924363672536427,POLYGON ICRS 149.787972 1.402128 149.971344 1.402109 149.971358 1.585407 149.787978 1.585430
image,lsst.deep_coadd,Rubin:Simonyi,3,,lsst_cells_v2-9570-94,LSST.DP2,ivo://org.rubinobs/usdac/lsst-dp2?repo=dp2&id=019ed8bf-b0ed-7820-9517-c1b42d6f2235,https://data.lsst.cloud/api/datalink/links?ID=ivo%3A%2F%2Forg.rubinobs%2Flsst-dp2%3Frepo%3Ddp2%26id%3D019ed8bf-b0ed-7820-9517-c1b42d6f2235,application/x-votable+xml;content=datalink,,3300,3300,,,,,,,6.936e-07,8.188e-07,,i,phot.flux.density,,LSSTCam,,,9570,94,i,,deep_coadd - i - tract=9570 patch=94,149.71295602329607,1.493782455660519,0.25924239288220247,POLYGON ICRS 149.621267 1.402134 149.804642 1.402127 149.804649 1.585428 149.621266 1.585436
image,lsst.deep_coadd,Rubin:Simonyi,3,,lsst_cells_v2-9570-95,LSST.DP2,ivo://org.rubinobs/usdac/lsst-dp2?repo=dp2&id=019ed8bf-7d9c-750e-b580-4b54985fad6c,https://data.lsst.cloud/api/datalink/links?ID=ivo%3A%2F%2Forg.rubinobs%2Flsst-dp2%3Frepo%3Ddp2%26id%3D019ed8bf-7d9c-750e-b580-4b54985fad6c,application/x-votable+xml;content=datalink,,3300,3300,,,,,,,6.936e-07,8.188e-07,,i,phot.flux.density,,LSSTCam,,,9570,95,i,,deep_coadd - i - tract=9570 patch=95,149.54624766658992,1.4937824535495148,0.2592423938396035,POLYGON ICRS 149.454562 1.402127 149.637937 1.402134 149.637937 1.585436 149.454554 1.585428
image,lsst.deep_coadd,Rubin:Simonyi,3,,lsst_cells_v2-9570-96,LSST.DP2,ivo://org.rubinobs/usdac/lsst-dp2?repo=dp2&id=019ed8bf-6960-7916-a2c0-cec22ab0a2b8,https://data.lsst.cloud/api/datalink/links?ID=ivo%3A%2F%2Forg.rubinobs%2Flsst-dp2%3Frepo%3Ddp2%26id%3D019ed8bf-6960-7916-a2c0-cec22ab0a2b8,application/x-votable+xml;content=datalink,,3300,3300,,,,,,,6.936e-07,8.188e-07,,i,phot.flux.density,,LSSTCam,,,9570,96,i,,deep_coadd - i - tract=9570 patch=96,149.37954072165053,1.4937698112835303,0.2592436365963957,POLYGON ICRS 149.287859 1.402109 149.471232 1.402128 149.471225 1.585430 149.287845 1.585407
image,lsst.deep_coadd,Rubin:Simonyi,3,,lsst_cells_v2-9570-97,LSST.DP2,ivo://org.rubinobs/usdac/lsst-dp2?repo=dp2&id=019ed8bf-3cef-774f-abd9-a4646bbe88cb,https://data.lsst.cloud/api/datalink/links?ID=ivo%3A%2F%2Forg.rubinobs%2Flsst-dp2%3Frepo%3Ddp2%26id%3D019ed8bf-3cef-774f-abd9-a4646bbe88cb,application/x-votable+xml;content=datalink,,3300,3300,,,,,,,6.936e-07,8.188e-07,,i,phot.flux.density,,LSSTCam,,,9570,97,i,,deep_coadd - i - tract=9570 patch=97,149.2128380109206,1.4937445298116407,0.25924158941213676,POLYGON ICRS 149.121163 1.402079 149.304529 1.402111 149.304516 1.585410 149.121142 1.585373
image,lsst.deep_coadd,Rubin:Simonyi,3,,lsst_cells_v2-9571-77,LSST.DP2,ivo://org.rubinobs/usdac/lsst-dp2?repo=dp2&id=019ed8bf-d540-79ab-8172-b0039afbf798,https://data.lsst.cloud/api/datalink/links?ID=ivo%3A%2F%2Forg.rubinobs%2Flsst-dp2%3Frepo%3Ddp2%26id%3D019ed8bf-d540-79ab-8172-b0039afbf798,application/x-votable+xml;content=datalink,,3300,3300,,,,,,,6.936e-07,8.188e-07,,i,phot.flux.density,,LSSTCam,,,9571,77,i,,deep_coadd - i - tract=9571 patch=77,150.69435097427396,1.1604566376765342,0.25925833188047953,POLYGON ICRS 150.602683 1.068784 150.786035 1.068809 150.786022 1.252129 150.602662 1.252100
image,lsst.deep_coadd,Rubin:Simonyi,3,,lsst_cells_v2-9571-78,LSST.DP2,ivo://org.rubinobs/usdac/lsst-dp2?repo=dp2&id=019ed8bf-4069-72dd-bc40-b4d0150998b5,https://data.lsst.cloud/api/datalink/links?ID=ivo%3A%2F%2Forg.rubinobs%2Flsst-dp2%3Frepo%3Ddp2%26id%3D019ed8bf-4069-72dd-bc40-b4d0150998b5,application/x-votable+xml;content=datalink,,3300,3300,,,,,,,6.936e-07,8.188e-07,,i,phot.flux.density,,LSSTCam,,,9571,78,i,,deep_coadd - i - tract=9571 patch=78,150.52766790944312,1.1604271785806979,0.2592516051859538,POLYGON ICRS 150.436008 1.068752 150.619351 1.068787 150.619331 1.252103 150.435980 1.252063
image,lsst.deep_coadd,Rubin:Simonyi,3,,lsst_cells_v2-9571-79,LSST.DP2,ivo://org.rubinobs/usdac/lsst-dp2?repo=dp2&id=019ed8bf-2c06-718b-9eae-6989bfe1e2d2,https://data.lsst.cloud/api/datalink/links?ID=ivo%3A%2F%2Forg.rubinobs%2Flsst-dp2%3Frepo%3Ddp2%26id%3D019ed8bf-2c06-718b-9eae-6989bfe1e2d2,application/x-votable+xml;content=datalink,,3300,3300,,,,,,,6.936e-07,8.188e-07,,i,phot.flux.density,,LSSTCam,,,9571,79,i,,deep_coadd - i - tract=9571 patch=79,150.3609947199073,1.1603879038239435,0.2592415894084007,POLYGON ICRS 150.269344 1.068711 150.452675 1.068755 150.452648 1.252067 150.269309 1.252014
image,lsst.deep_coadd,Rubin:Simonyi,3,,lsst_cells_v2-9571-86,LSST.DP2,ivo://org.rubinobs/usdac/lsst-dp2?repo=dp2&id=019ed8bf-95c6-720c-bba8-09d5389f8515,https://data.lsst.cloud/api/datalink/links?ID=ivo%3A%2F%2Forg.rubinobs%2Flsst-dp2%3Frepo%3Ddp2%26id%3D019ed8bf-95c6-720c-bba8-09d5389f8515,application/x-votable+xml;content=datalink,,3300,3300,,,,,,,6.936e-07,8.188e-07,,i,phot.flux.density,,LSSTCam,,,9571,86,i,,deep_coadd - i - tract=9571 patch=86,150.86103164879532,1.3271279799351898,0.25925474940145027,POLYGON ICRS 150.769354 1.235462 150.952719 1.235479 150.952713 1.418793 150.769340 1.418773
image,lsst.deep_coadd,Rubin:Simonyi,3,,lsst_cells_v2-9571-87,LSST.DP2,ivo://org.rubinobs/usdac/lsst-dp2?repo=dp2&id=019ed8bf-696f-71b4-bc13-92eb809ac9a7,https://data.lsst.cloud/api/datalink/links?ID=ivo%3A%2F%2Forg.rubinobs%2Flsst-dp2%3Frepo%3Ddp2%26id%3D019ed8bf-696f-71b4-bc13-92eb809ac9a7,application/x-votable+xml;content=datalink,,3300,3300,,,,,,,6.936e-07,8.188e-07,,i,phot.flux.density,,LSSTCam,,,9571,87,i,,deep_coadd - i - tract=9571 patch=87,150.6943352339456,1.3271055183502145,0.259251605179615,POLYGON ICRS 150.602664 1.235435 150.786023 1.235464 150.786010 1.418775 150.602643 1.418742
image,lsst.deep_coadd,Rubin:Simonyi,3,,lsst_cells_v2-9571-88,LSST.DP2,ivo://org.rubinobs/usdac/lsst-dp2?repo=dp2&id=019ed8bf-e9a3-7585-b75d-31447952165d,https://data.lsst.cloud/api/datalink/links?ID=ivo%3A%2F%2Forg.rubinobs%2Flsst-dp2%3Frepo%3Ddp2%26id%3D019ed8bf-e9a3-7585-b75d-31447952165d,application/x-votable+xml;content=datalink,,3300,3300,,,,,,,6.936e-07,8.188e-07,,i,phot.flux.density,,LSSTCam,,,9571,88,i,,deep_coadd - i - tract=9571 patch=88,150.52764587452273,1.3270718290555699,0.2592451711826453,POLYGON ICRS 150.435982 1.235398 150.619333 1.235439 150.619312 1.418746 150.435954 1.418700
image,lsst.deep_coadd,Rubin:Simonyi,3,,lsst_cells_v2-9571-89,LSST.DP2,ivo://org.rubinobs/usdac/lsst-dp2?repo=dp2&id=019ed8bf-d4b7-7ee5-983d-92161a3aba38,https://data.lsst.cloud/api/datalink/links?ID=ivo%3A%2F%2Forg.rubinobs%2Flsst-dp2%3Frepo%3Ddp2%26id%3D019ed8bf-d4b7-7ee5-983d-92161a3aba38,application/x-votable+xml;content=datalink,,3300,3300,,,,,,,6.936e-07,8.188e-07,,i,phot.flux.density,,LSSTCam,,,9571,89,i,,deep_coadd - i - tract=9571 patch=89,150.36096639151333,1.327026914606009,0.25923625264038513,POLYGON ICRS 150.269313 1.235351 150.452650 1.235402 150.452623 1.418705 150.269278 1.418645
image,lsst.deep_coadd,Rubin:Simonyi,3,,lsst_cells_v2-9571-95,LSST.DP2,ivo://org.rubinobs/usdac/lsst-dp2?repo=dp2&id=019ed8bf-3e34-77f0-929a-91dd62624f14,https://data.lsst.cloud/api/datalink/links?ID=ivo%3A%2F%2Forg.rubinobs%2Flsst-dp2%3Frepo%3Ddp2%26id%3D019ed8bf-3e34-77f0-929a-91dd62624f14,application/x-votable+xml;content=datalink,,3300,3300,,,,,,,6.936e-07,8.188e-07,,i,phot.flux.density,,LSSTCam,,,9571,95,i,,deep_coadd - i - tract=9571 patch=95,151.0277291480739,1.493782453549544,0.2592423938432136,POLYGON ICRS 150.936043 1.402127 151.119419 1.402134 151.119419 1.585436 150.936036 1.585428
image,lsst.deep_coadd,Rubin:Simonyi,3,,lsst_cells_v2-9571-96,LSST.DP2,ivo://org.rubinobs/usdac/lsst-dp2?repo=dp2&id=019ed8bf-29ca-7b06-b5fb-90e729e8643e,https://data.lsst.cloud/api/datalink/links?ID=ivo%3A%2F%2Forg.rubinobs%2Flsst-dp2%3Frepo%3Ddp2%26id%3D019ed8bf-29ca-7b06-b5fb-90e729e8643e,application/x-votable+xml;content=datalink,,3300,3300,,,,,,,6.936e-07,8.188e-07,,i,phot.flux.density,,LSSTCam,,,9571,96,i,,deep_coadd - i - tract=9571 patch=96,150.8610222031313,1.4937698112822775,0.25924363659360067,POLYGON ICRS 150.769341 1.402109 150.952713 1.402128 150.952707 1.585430 150.769327 1.585407
image,lsst.deep_coadd,Rubin:Simonyi,3,,lsst_cells_v2-9571-97,LSST.DP2,ivo://org.rubinobs/usdac/lsst-dp2?repo=dp2&id=019ed8c0-1387-75dc-b26a-52a9399afc88,https://data.lsst.cloud/api/datalink/links?ID=ivo%3A%2F%2Forg.rubinobs%2Flsst-dp2%3Frepo%3Ddp2%26id%3D019ed8c0-1387-75dc-b26a-52a9399afc88,application/x-votable+xml;content=datalink,,3300,3300,,,,,,,6.936e-07,8.188e-07,,i,phot.flux.density,,LSSTCam,,,9571,97,i,,deep_coadd - i - tract=9571 patch=97,150.69431949240453,1.4937445298093037,0.2592415894123457,POLYGON ICRS 150.602645 1.402079 150.786011 1.402111 150.785997 1.585410 150.602624 1.585373
image,lsst.deep_coadd,Rubin:Simonyi,3,,lsst_cells_v2-9571-98,LSST.DP2,ivo://org.rubinobs/usdac/lsst-dp2?repo=dp2&id=019ed8bf-fee0-7040-9638-c82caad19927,https://data.lsst.cloud/api/datalink/links?ID=ivo%3A%2F%2Forg.rubinobs%2Flsst-dp2%3Frepo%3Ddp2%26id%3D019ed8bf-fee0-7040-9638-c82caad19927,application/x-votable+xml;content=datalink,,3300,3300,,,,,,,6.936e-07,8.188e-07,,i,phot.flux.density,,LSSTCam,,,9571,98,i,,deep_coadd - i - tract=9571 patch=98,150.52762383790474,1.4937066110593815,0.2592362526393373,POLYGON ICRS 150.435957 1.402036 150.619314 1.402082 150.619294 1.585377 150.435929 1.585326
image,lsst.deep_coadd,Rubin:Simonyi,3,,lsst_cells_v2-9571-99,LSST.DP2,ivo://org.rubinobs/usdac/lsst-dp2?repo=dp2&id=019ed8bf-68f1-7bc1-a5d5-bfccb30f279a,https://data.lsst.cloud/api/datalink/links?ID=ivo%3A%2F%2Forg.rubinobs%2Flsst-dp2%3Frepo%3Ddp2%26id%3D019ed8bf-68f1-7bc1-a5d5-bfccb30f279a,application/x-votable+xml;content=datalink,,3300,3300,,,,,,,6.936e-07,8.188e-07,,i,phot.flux.density,,LSSTCam,,,9571,99,i,,deep_coadd - i - tract=9571 patch=99,150.36093806093217,1.4936560579266072,0.25922762695045853,POLYGON ICRS 150.269281 1.401983 150.452625 1.402041 150.452598 1.585331 150.269246 1.585265
image,lsst.deep_coadd,Rubin:Simonyi,3,,lsst_cells_v2-9812-0,LSST.DP2,ivo://org.rubinobs/usdac/lsst-dp2?repo=dp2&id=019ed8bf-288b-7a4b-9cca-686ac4a454bf,https://data.lsst.cloud/api/datalink/links?ID=ivo%3A%2F%2Forg.rubinobs%2Flsst-dp2%3Frepo%3Ddp2%26id%3D019ed8bf-288b-7a4b-9cca-686ac4a454bf,application/x-votable+xml;content=datalink,,3300,3300,,,,,,,6.936e-07,8.188e-07,,i,phot.flux.density,,LSSTCam,,,9812,0,i,,deep_coadd - i - tract=9812 patch=0,149.51044389473995,1.4813512187202686,0.25922763353250666,POLYGON ICRS 149.418730 1.389735 149.602066 1.389677 149.602171 1.572959 149.418812 1.573025
image,lsst.deep_coadd,Rubin:Simonyi,3,,lsst_cells_v2-9812-1,LSST.DP2,ivo://org.rubinobs/usdac/lsst-dp2?repo=dp2&id=019ed8bf-75d4-74e4-8e18-c8c00be90638,https://data.lsst.cloud/api/datalink/links?ID=ivo%3A%2F%2Forg.rubinobs%2Flsst-dp2%3Frepo%3Ddp2%26id%3D019ed8bf-75d4-74e4-8e18-c8c00be90638,application/x-votable+xml;content=datalink,,3300,3300,,,,,,,6.936e-07,8.188e-07,,i,phot.flux.density,,LSSTCam,,,9812,1,i,,deep_coadd - i - tract=9812 patch=1,149.34375904137553,1.481401351381738,0.25923625849037024,POLYGON ICRS 149.252049 1.389775 149.435397 1.389730 149.435481 1.573019 149.252110 1.573070
image,lsst.deep_coadd,Rubin:Simonyi,3,,lsst_cells_v2-9812-2,LSST.DP2,ivo://org.rubinobs/usdac/lsst-dp2?repo=dp2&id=019ed8bf-fd80-709c-8bf8-30c58d2e16f2,https://data.lsst.cloud/api/datalink/links?ID=ivo%3A%2F%2Forg.rubinobs%2Flsst-dp2%3Frepo%3Ddp2%26id%3D019ed8bf-fd80-709c-8bf8-30c58d2e16f2,application/x-votable+xml;content=datalink,,3300,3300,,,,,,,6.936e-07,8.188e-07,,i,phot.flux.density,,LSSTCam,,,9812,2,i,,deep_coadd - i - tract=9812 patch=2,149.1770643115846,1.4814389536952393,0.2592415945283602,POLYGON ICRS 149.085360 1.389804 149.268718 1.389772 149.268781 1.573066 149.085400 1.573103
image,lsst.deep_coadd,Rubin:Simonyi,3,,lsst_cells_v2-9812-10,LSST.DP2,ivo://org.rubinobs/usdac/lsst-dp2?repo=dp2&id=019ed8bf-1e18-7df4-aa7a-852db38bdaa4,https://data.lsst.cloud/api/datalink/links?ID=ivo%3A%2F%2Forg.rubinobs%2Flsst-dp2%3Frepo%3Ddp2%26id%3D019ed8bf-1e18-7df4-aa7a-852db38bdaa4,application/x-votable+xml;content=datalink,,3300,3300,,,,,,,6.936e-07,8.188e-07,,i,phot.flux.density,,LSSTCam,,,9812,10,i,,deep_coadd - i - tract=9812 patch=10,149.51052887227993,1.6479803486732674,0.2592362584926484,POLYGON ICRS 149.418804 1.556361 149.602161 1.556296 149.602266 1.739590 149.418886 1.739663
image,lsst.deep_coadd,Rubin:Simonyi,3,,lsst_cells_v2-9812-11,LSST.DP2,ivo://org.rubinobs/usdac/lsst-dp2?repo=dp2&id=019ed8bf-09b0-7516-bbc9-7029887ccc6b,https://data.lsst.cloud/api/datalink/links?ID=ivo%3A%2F%2Forg.rubinobs%2Flsst-dp2%3Frepo%3Ddp2%26id%3D019ed8bf-09b0-7516-bbc9-7029887ccc6b,application/x-votable+xml;content=datalink,,3300,3300,,,,,,,6.936e-07,8.188e-07,,i,phot.flux.density,,LSSTCam,,,9812,11,i,,deep_coadd - i - tract=9812 patch=11,149.3438251387924,1.6480361271508046,0.25924517630114824,POLYGON ICRS 149.252105 1.556407 149.435474 1.556356 149.435558 1.739657 149.252166 1.739714
image,lsst.deep_coadd,Rubin:Simonyi,3,,lsst_cells_v2-9812-12,LSST.DP2,ivo://org.rubinobs/usdac/lsst-dp2?repo=dp2&id=019ed8bf-908e-7f5d-b37d-b2d3a5878c88,https://data.lsst.cloud/api/datalink/links?ID=ivo%3A%2F%2Forg.rubinobs%2Flsst-dp2%3Frepo%3Ddp2%26id%3D019ed8bf-908e-7f5d-b37d-b2d3a5878c88,application/x-votable+xml;content=datalink,,3300,3300,,,,,,,6.936e-07,8.188e-07,,i,phot.flux.density,,LSSTCam,,,9812,12,i,,deep_coadd - i - tract=9812 patch=12,149.17711152551973,1.6480779641461738,0.2592516095764393,POLYGON ICRS 149.085397 1.556439 149.268775 1.556403 149.268838 1.739710 149.085437 1.739750
image,lsst.deep_coadd,Rubin:Simonyi,3,,lsst_cells_v2-9812-20,LSST.DP2,ivo://org.rubinobs/usdac/lsst-dp2?repo=dp2&id=019ed8bf-e665-7593-914c-114de7a749d3,https://data.lsst.cloud/api/datalink/links?ID=ivo%3A%2F%2Forg.rubinobs%2Flsst-dp2%3Frepo%3Ddp2%26id%3D019ed8bf-e665-7593-914c-114de7a749d3,application/x-votable+xml;content=datalink,,3300,3300,,,,,,,6.936e-07,8.188e-07,,i,phot.flux.density,,LSSTCam,,,9812,20,i,,deep_coadd - i - tract=9812 patch=20,149.51061386911988,1.814619345138474,0.2592415945308764,POLYGON ICRS 149.418879 1.722999 149.602256 1.722927 149.602361 1.906231 149.418961 1.906310
image,lsst.deep_coadd,Rubin:Simonyi,3,,lsst_cells_v2-9812-21,LSST.DP2,ivo://org.rubinobs/usdac/lsst-dp2?repo=dp2&id=019ed8bf-b96c-7c1f-84b7-cdbd3dd2909d,https://data.lsst.cloud/api/datalink/links?ID=ivo%3A%2F%2Forg.rubinobs%2Flsst-dp2%3Frepo%3Ddp2%26id%3D019ed8bf-b96c-7c1f-84b7-cdbd3dd2909d,application/x-votable+xml;content=datalink,,3300,3300,,,,,,,6.936e-07,8.188e-07,,i,phot.flux.density,,LSSTCam,,,9812,21,i,,deep_coadd - i - tract=9812 patch=21,149.34389125122163,1.8146807704418566,0.2592516095659758,POLYGON ICRS 149.252160 1.723049 149.435550 1.722993 149.435634 1.906304 149.252222 1.906366
image,lsst.deep_coadd,Rubin:Simonyi,3,,lsst_cells_v2-9812-22,LSST.DP2,ivo://org.rubinobs/usdac/lsst-dp2?repo=dp2&id=019ed8bf-863c-7a82-ac2d-3aba92891963,https://data.lsst.cloud/api/datalink/links?ID=ivo%3A%2F%2Forg.rubinobs%2Flsst-dp2%3Frepo%3Ddp2%26id%3D019ed8bf-863c-7a82-ac2d-3aba92891963,application/x-votable+xml;content=datalink,,3300,3300,,,,,,,6.936e-07,8.188e-07,,i,phot.flux.density,,LSSTCam,,,9812,22,i,,deep_coadd - i - tract=9812 patch=22,149.1771587501895,1.814726842875502,0.2592583355380153,POLYGON ICRS 149.085434 1.723085 149.268833 1.723045 149.268896 1.906361 149.085474 1.906406
image,lsst.deep_coadd,Rubin:Simonyi,3,,lsst_cells_v2-9812-30,LSST.DP2,ivo://org.rubinobs/usdac/lsst-dp2?repo=dp2&id=019ed8bf-7a01-71d9-8934-628d40750056,https://data.lsst.cloud/api/datalink/links?ID=ivo%3A%2F%2Forg.rubinobs%2Flsst-dp2%3Frepo%3Ddp2%26id%3D019ed8bf-7a01-71d9-8934-628d40750056,application/x-votable+xml;content=datalink,,3300,3300,,,,,,,6.936e-07,8.188e-07,,i,phot.flux.density,,LSSTCam,,,9812,30,i,,deep_coadd - i - tract=9812 patch=30,149.51069888526143,1.9812653896986587,0.2592436409789526,POLYGON ICRS 149.418954 1.889645 149.602352 1.889566 149.602457 2.072876 149.419036 2.072963
image,lsst.deep_coadd,Rubin:Simonyi,3,,lsst_cells_v2-9812-31,LSST.DP2,ivo://org.rubinobs/usdac/lsst-dp2?repo=dp2&id=019ed8bf-46bd-7a38-ac3a-488415a3b588,https://data.lsst.cloud/api/datalink/links?ID=ivo%3A%2F%2Forg.rubinobs%2Flsst-dp2%3Frepo%3Ddp2%26id%3D019ed8bf-46bd-7a38-ac3a-488415a3b588,application/x-votable+xml;content=datalink,,3300,3300,,,,,,,6.936e-07,8.188e-07,,i,phot.flux.density,,LSSTCam,,,9812,31,i,,deep_coadd - i - tract=9812 patch=31,149.34395737866922,1.9813324625451112,0.2592547530558473,POLYGON ICRS 149.252216 1.889701 149.435627 1.889639 149.435711 2.072956 149.252277 2.073023
image,lsst.deep_coadd,Rubin:Simonyi,3,,lsst_cells_v2-9812-32,LSST.DP2,ivo://org.rubinobs/usdac/lsst-dp2?repo=dp2&id=019ed8bf-324c-727f-992f-1212e5d70ab5,https://data.lsst.cloud/api/datalink/links?ID=ivo%3A%2F%2Forg.rubinobs%2Flsst-dp2%3Frepo%3Ddp2%26id%3D019ed8bf-324c-727f-992f-1212e5d70ab5,application/x-votable+xml;content=datalink,,3300,3300,,,,,,,6.936e-07,8.188e-07,,i,phot.flux.density,,LSSTCam,,,9812,32,i,,deep_coadd - i - tract=9812 patch=32,149.17720598558063,1.981382770951182,0.2592625760881775,POLYGON ICRS 149.085470 1.889740 149.268890 1.889696 149.268954 2.073018 149.085511 2.073066
image,lsst.deep_coadd,Rubin:Simonyi,3,,lsst_cells_v2-9812-33,LSST.DP2,ivo://org.rubinobs/usdac/lsst-dp2?repo=dp2&id=019ed8bf-05b5-7871-8046-db6e5bdb4c0c,https://data.lsst.cloud/api/datalink/links?ID=ivo%3A%2F%2Forg.rubinobs%2Flsst-dp2%3Frepo%3Ddp2%26id%3D019ed8bf-05b5-7871-8046-db6e5bdb4c0c,application/x-votable+xml;content=datalink,,3300,3300,,,,,,,6.936e-07,8.188e-07,,i,phot.flux.density,,LSSTCam,,,9812,33,i,,deep_coadd - i - tract=9812 patch=33,149.0104475301202,1.981416311084282,0.2592671092283275,POLYGON ICRS 148.918719 1.889763 149.102145 1.889737 149.102188 2.073063 148.918739 2.073092
image,lsst.deep_coadd,Rubin:Simonyi,3,,lsst_cells_v2-9812-40,LSST.DP2,ivo://org.rubinobs/usdac/lsst-dp2?repo=dp2&id=019ed8bf-6fab-76e2-a506-aa916dc93239,https://data.lsst.cloud/api/datalink/links?ID=ivo%3A%2F%2Forg.rubinobs%2Flsst-dp2%3Frepo%3Ddp2%26id%3D019ed8bf-6fab-76e2-a506-aa916dc93239,application/x-votable+xml;content=datalink,,3300,3300,,,,,,,6.936e-07,8.188e-07,,i,phot.flux.density,,LSSTCam,,,9812,40,i,,deep_coadd - i - tract=9812 patch=40,149.51078392071562,2.1479156632123053,0.25924239750031025,POLYGON ICRS 149.419028 2.056298 149.602447 2.056211 149.602552 2.239524 149.419110 2.239618
image,lsst.deep_coadd,Rubin:Simonyi,3,,lsst_cells_v2-9812-41,LSST.DP2,ivo://org.rubinobs/usdac/lsst-dp2?repo=dp2&id=019ed8bf-f6f0-75ad-8064-c114093efde8,https://data.lsst.cloud/api/datalink/links?ID=ivo%3A%2F%2Forg.rubinobs%2Flsst-dp2%3Frepo%3Ddp2%26id%3D019ed8bf-f6f0-75ad-8064-c114093efde8,application/x-votable+xml;content=datalink,,3300,3300,,,,,,,6.936e-07,8.188e-07,,i,phot.flux.density,,LSSTCam,,,9812,41,i,,deep_coadd - i - tract=9812 patch=41,149.34402352114003,2.147988384031904,0.25925460635435316,POLYGON ICRS 149.252272 2.056358 149.435703 2.056291 149.435788 2.239611 149.252333 2.239684
image,lsst.deep_coadd,Rubin:Simonyi,3,,lsst_cells_v2-9812-42,LSST.DP2,ivo://org.rubinobs/usdac/lsst-dp2?repo=dp2&id=019ed8bf-e25f-78a6-ac98-eecf9647a53c,https://data.lsst.cloud/api/datalink/links?ID=ivo%3A%2F%2Forg.rubinobs%2Flsst-dp2%3Frepo%3Ddp2%26id%3D019ed8bf-e25f-78a6-ac98-eecf9647a53c,application/x-votable+xml;content=datalink,,3300,3300,,,,,,,6.936e-07,8.188e-07,,i,phot.flux.density,,LSSTCam,,,9812,42,i,,deep_coadd - i - tract=9812 patch=42,149.1772532317019,2.1480429287331986,0.2592635262771959,POLYGON ICRS 149.085507 2.056400 149.268948 2.056352 149.269011 2.239678 149.085548 2.239730
image,lsst.deep_coadd,Rubin:Simonyi,3,,lsst_cells_v2-9812-43,LSST.DP2,ivo://org.rubinobs/usdac/lsst-dp2?repo=dp2&id=019ed8bf-ae9e-7a10-b553-7b0e9b781ead,https://data.lsst.cloud/api/datalink/links?ID=ivo%3A%2F%2Forg.rubinobs%2Flsst-dp2%3Frepo%3Ddp2%26id%3D019ed8bf-ae9e-7a10-b553-7b0e9b781ead,application/x-votable+xml;content=datalink,,3300,3300,,,,,,,6.936e-07,8.188e-07,,i,phot.flux.density,,LSSTCam,,,9812,43,i,,deep_coadd - i - tract=9812 patch=43,149.01047587749292,2.1480792931653894,0.25926915636573583,POLYGON ICRS 148.918737 2.056425 149.102184 2.056397 149.102227 2.239726 148.918757 2.239758
image,lsst.deep_coadd,Rubin:Simonyi,3,,lsst_cells_v2-9812-50,LSST.DP2,ivo://org.rubinobs/usdac/lsst-dp2?repo=dp2&id=019ed8bf-036f-7013-a3f5-7be6068156ed,https://data.lsst.cloud/api/datalink/links?ID=ivo%3A%2F%2Forg.rubinobs%2Flsst-dp2%3Frepo%3Ddp2%26id%3D019ed8bf-036f-7013-a3f5-7be6068156ed,application/x-votable+xml;content=datalink,,3300,3300,,,,,,,6.936e-07,8.188e-07,,i,phot.flux.density,,LSSTCam,,,9812,50,i,,deep_coadd - i - tract=9812 patch=50,149.51086897548817,2.3145673461054015,0.2592423984640159,POLYGON ICRS 149.419103 2.222953 149.602543 2.222859 149.602648 2.406172 149.419185 2.406273
image,lsst.deep_coadd,Rubin:Simonyi,3,,lsst_cells_v2-9812-51,LSST.DP2,ivo://org.rubinobs/usdac/lsst-dp2?repo=dp2&id=019ed8c0-056c-7b7a-a844-a52b6e76c8ec,https://data.lsst.cloud/api/datalink/links?ID=ivo%3A%2F%2Forg.rubinobs%2Flsst-dp2%3Frepo%3Ddp2%26id%3D019ed8c0-056c-7b7a-a844-a52b6e76c8ec,application/x-votable+xml;content=datalink,,3300,3300,,,,,,,6.936e-07,8.188e-07,,i,phot.flux.density,,LSSTCam,,,9812,51,i,,deep_coadd - i - tract=9812 patch=51,149.34408967863249,2.3146457150405664,0.25925460694528923,POLYGON ICRS 149.252328 2.223018 149.435780 2.222945 149.435864 2.406265 149.252389 2.406344
image,lsst.deep_coadd,Rubin:Simonyi,3,,lsst_cells_v2-9812-52,LSST.DP2,ivo://org.rubinobs/usdac/lsst-dp2?repo=dp2&id=019ed8bf-d7bd-7b8f-a56f-6d71c6f9091f,https://data.lsst.cloud/api/datalink/links?ID=ivo%3A%2F%2Forg.rubinobs%2Flsst-dp2%3Frepo%3Ddp2%26id%3D019ed8bf-d7bd-7b8f-a56f-6d71c6f9091f,application/x-votable+xml;content=datalink,,3300,3300,,,,,,,6.936e-07,8.188e-07,,i,phot.flux.density,,LSSTCam,,,9812,52,i,,deep_coadd - i - tract=9812 patch=52,149.17730048856086,2.3147044961501413,0.25926352651323,POLYGON ICRS 149.085544 2.223064 149.269006 2.223012 149.269069 2.406337 149.085585 2.406393
image,lsst.deep_coadd,Rubin:Simonyi,3,,lsst_cells_v2-9812-60,LSST.DP2,ivo://org.rubinobs/usdac/lsst-dp2?repo=dp2&id=019ed8bf-1138-78b3-8dcf-e3ce5b5524dc,https://data.lsst.cloud/api/datalink/links?ID=ivo%3A%2F%2Forg.rubinobs%2Flsst-dp2%3Frepo%3Ddp2%26id%3D019ed8bf-1138-78b3-8dcf-e3ce5b5524dc,application/x-votable+xml;content=datalink,,3300,3300,,,,,,,6.936e-07,8.188e-07,,i,phot.flux.density,,LSSTCam,,,9812,60,i,,deep_coadd - i - tract=9812 patch=60,149.5109540495835,2.4812176186683446,0.25924364084669,POLYGON ICRS 149.419178 2.389608 149.602638 2.389508 149.602743 2.572818 149.419260 2.572925
image,lsst.deep_coadd,Rubin:Simonyi,3,,lsst_cells_v2-9812-61,LSST.DP2,ivo://org.rubinobs/usdac/lsst-dp2?repo=dp2&id=019ed8bf-9811-70e7-b955-8f9f0b80a915,https://data.lsst.cloud/api/datalink/links?ID=ivo%3A%2F%2Forg.rubinobs%2Flsst-dp2%3Frepo%3Ddp2%26id%3D019ed8bf-9811-70e7-b955-8f9f0b80a915,application/x-votable+xml;content=datalink,,3300,3300,,,,,,,6.936e-07,8.188e-07,,i,phot.flux.density,,LSSTCam,,,9812,61,i,,deep_coadd - i - tract=9812 patch=61,149.34415585115906,2.481301635580444,0.25925475255353225,POLYGON ICRS 149.252383 2.389678 149.435856 2.389600 149.435941 2.572917 149.252445 2.573001
image,lsst.deep_coadd,Rubin:Simonyi,3,,lsst_cells_v2-9812-62,LSST.DP2,ivo://org.rubinobs/usdac/lsst-dp2?repo=dp2&id=019ed8bf-6bc8-7fd8-aa79-63ddee15c7f5,https://data.lsst.cloud/api/datalink/links?ID=ivo%3A%2F%2Forg.rubinobs%2Flsst-dp2%3Frepo%3Ddp2%26id%3D019ed8bf-6bc8-7fd8-aa79-63ddee15c7f5,application/x-votable+xml;content=datalink,,3300,3300,,,,,,,6.936e-07,8.188e-07,,i,phot.flux.density,,LSSTCam,,,9812,62,i,,deep_coadd - i - tract=9812 patch=62,149.1773477561526,2.4813646529916764,0.2592625752195677,POLYGON ICRS 149.085581 2.389727 149.269063 2.389672 149.269127 2.572994 149.085622 2.573054
image,lsst.deep_coadd,Rubin:Simonyi,3,,lsst_cells_v2-9812-70,LSST.DP2,ivo://org.rubinobs/usdac/lsst-dp2?repo=dp2&id=019ed8bf-c0fc-7f7f-88fb-f72029c79d01,https://data.lsst.cloud/api/datalink/links?ID=ivo%3A%2F%2Forg.rubinobs%2Flsst-dp2%3Frepo%3Ddp2%26id%3D019ed8bf-c0fc-7f7f-88fb-f72029c79d01,application/x-votable+xml;content=datalink,,3300,3300,,,,,,,6.936e-07,8.188e-07,,i,phot.flux.density,,LSSTCam,,,9812,70,i,,deep_coadd - i - tract=9812 patch=70,149.51103914301342,2.6478636613297915,0.2592415933035726,POLYGON ICRS 149.419252 2.556260 149.602734 2.556153 149.602839 2.739457 149.419334 2.739572
image,lsst.deep_coadd,Rubin:Simonyi,3,,lsst_cells_v2-9812-71,LSST.DP2,ivo://org.rubinobs/usdac/lsst-dp2?repo=dp2&id=019ed8bf-2c1d-7f3c-9f3a-c0e3e1c9b602,https://data.lsst.cloud/api/datalink/links?ID=ivo%3A%2F%2Forg.rubinobs%2Flsst-dp2%3Frepo%3Ddp2%26id%3D019ed8bf-2c1d-7f3c-9f3a-c0e3e1c9b602,application/x-votable+xml;content=datalink,,3300,3300,,,,,,,6.936e-07,8.188e-07,,i,phot.flux.density,,LSSTCam,,,9812,71,i,,deep_coadd - i - tract=9812 patch=71,149.34422203872742,2.6479533257918835,0.25925160797345365,POLYGON ICRS 149.252439 2.556335 149.435933 2.556252 149.436017 2.739563 149.252501 2.739652
image,lsst.deep_coadd,Rubin:Simonyi,3,,lsst_cells_v2-9812-72,LSST.DP2,ivo://org.rubinobs/usdac/lsst-dp2?repo=dp2&id=019ed8bf-795d-7bdc-81f3-c2edcd954512,https://data.lsst.cloud/api/datalink/links?ID=ivo%3A%2F%2Forg.rubinobs%2Flsst-dp2%3Frepo%3Ddp2%26id%3D019ed8bf-795d-7bdc-81f3-c2edcd954512,application/x-votable+xml;content=datalink,,3300,3300,,,,,,,6.936e-07,8.188e-07,,i,phot.flux.density,,LSSTCam,,,9812,72,i,,deep_coadd - i - tract=9812 patch=72,149.1773950344855,2.6480205791802693,0.25925833384288727,POLYGON ICRS 149.085618 2.556388 149.269121 2.556329 149.269184 2.739645 149.085658 2.739709
image,lsst.deep_coadd,Rubin:Simonyi,3,,lsst_cells_v2-9812-80,LSST.DP2,ivo://org.rubinobs/usdac/lsst-dp2?repo=dp2&id=019ed8bf-554c-7538-ba6c-1d811ea23581,https://data.lsst.cloud/api/datalink/links?ID=ivo%3A%2F%2Forg.rubinobs%2Flsst-dp2%3Frepo%3Ddp2%26id%3D019ed8bf-554c-7538-ba6c-1d811ea23581,application/x-votable+xml;content=datalink,,3300,3300,,,,,,,6.936e-07,8.188e-07,,i,phot.flux.density,,LSSTCam,,,9812,80,i,,deep_coadd - i - tract=9812 patch=80,149.51112425577423,2.814502654950632,0.2592362561599867,POLYGON ICRS 149.419327 2.722907 149.602829 2.722793 149.602934 2.906088 149.419409 2.906210
image,lsst.deep_coadd,Rubin:Simonyi,3,,lsst_cells_v2-9812-81,LSST.DP2,ivo://org.rubinobs/usdac/lsst-dp2?repo=dp2&id=019ed8bf-21af-7ce7-9ff9-4cd3fd000e16,https://data.lsst.cloud/api/datalink/links?ID=ivo%3A%2F%2Forg.rubinobs%2Flsst-dp2%3Frepo%3Ddp2%26id%3D019ed8bf-21af-7ce7-9ff9-4cd3fd000e16,application/x-votable+xml;content=datalink,,3300,3300,,,,,,,6.936e-07,8.188e-07,,i,phot.flux.density,,LSSTCam,,,9812,81,i,,deep_coadd - i - tract=9812 patch=81,149.34428824133468,2.8145979662445817,0.2592451738719414,POLYGON ICRS 149.252495 2.722987 149.436010 2.722898 149.436094 2.906200 149.252556 2.906294
image,lsst.deep_coadd,Rubin:Simonyi,3,,lsst_cells_v2-9812-90,LSST.DP2,ivo://org.rubinobs/usdac/lsst-dp2?repo=dp2&id=019ed8bf-fefa-75f7-b1c4-0bbf4dcc8b48,https://data.lsst.cloud/api/datalink/links?ID=ivo%3A%2F%2Forg.rubinobs%2Flsst-dp2%3Frepo%3Ddp2%26id%3D019ed8bf-fefa-75f7-b1c4-0bbf4dcc8b48,application/x-votable+xml;content=datalink,,3300,3300,,,,,,,6.936e-07,8.188e-07,,i,phot.flux.density,,LSSTCam,,,9812,90,i,,deep_coadd - i - tract=9812 patch=90,149.5112093878823,2.981131781100214,0.2592276303763874,POLYGON ICRS 149.419402 2.889546 149.602925 2.889425 149.603030 3.072707 149.419484 3.072836
image,lsst.deep_coadd,Rubin:Simonyi,3,,lsst_cells_v2-9813-0,LSST.DP2,ivo://org.rubinobs/usdac/lsst-dp2?repo=dp2&id=019ed8bf-4ac7-72b6-965d-78cb7134a59f,https://data.lsst.cloud/api/datalink/links?ID=ivo%3A%2F%2Forg.rubinobs%2Flsst-dp2%3Frepo%3Ddp2%26id%3D019ed8bf-4ac7-72b6-965d-78cb7134a59f,application/x-votable+xml;content=datalink,,3300,3300,,,,,,,6.936e-07,8.188e-07,,i,phot.flux.density,,LSSTCam,,,9813,0,i,,deep_coadd - i - tract=9813 patch=0,150.9980472005266,1.4813512187202345,0.25922763353038597,POLYGON ICRS 150.906333 1.389735 151.089669 1.389677 151.089774 1.572959 150.906415 1.573025
image,lsst.deep_coadd,Rubin:Simonyi,3,,lsst_cells_v2-9813-1,LSST.DP2,ivo://org.rubinobs/usdac/lsst-dp2?repo=dp2&id=019ed8bf-364e-72aa-85a7-3ede93af292c,https://data.lsst.cloud/api/datalink/links?ID=ivo%3A%2F%2Forg.rubinobs%2Flsst-dp2%3Frepo%3Ddp2%26id%3D019ed8bf-364e-72aa-85a7-3ede93af292c,application/x-votable+xml;content=datalink,,3300,3300,,,,,,,6.936e-07,8.188e-07,,i,phot.flux.density,,LSSTCam,,,9813,1,i,,deep_coadd - i - tract=9813 patch=1,150.83136234715758,1.4814013513841164,0.2592362584913188,POLYGON ICRS 150.739652 1.389775 150.923001 1.389730 150.923085 1.573019 150.739714 1.573070
image,lsst.deep_coadd,Rubin:Simonyi,3,,lsst_cells_v2-9813-2,LSST.DP2,ivo://org.rubinobs/usdac/lsst-dp2?repo=dp2&id=019ed8bf-bcef-7b8e-97a9-833852632f14,https://data.lsst.cloud/api/datalink/links?ID=ivo%3A%2F%2Forg.rubinobs%2Flsst-dp2%3Frepo%3Ddp2%26id%3D019ed8bf-bcef-7b8e-97a9-833852632f14,application/x-votable+xml;content=datalink,,3300,3300,,,,,,,6.936e-07,8.188e-07,,i,phot.flux.density,,LSSTCam,,,9813,2,i,,deep_coadd - i - tract=9813 patch=2,150.6646676173694,1.4814389536950971,0.2592415945290037,POLYGON ICRS 150.572963 1.389804 150.756321 1.389772 150.756384 1.573066 150.573004 1.573103
image,lsst.deep_coadd,Rubin:Simonyi,3,,lsst_cells_v2-9813-3,LSST.DP2,ivo://org.rubinobs/usdac/lsst-dp2?repo=dp2&id=019ed8bf-89ae-7152-9e4d-200c751d2b94,https://data.lsst.cloud/api/datalink/links?ID=ivo%3A%2F%2Forg.rubinobs%2Flsst-dp2%3Frepo%3Ddp2%26id%3D019ed8bf-89ae-7152-9e4d-200c751d2b94,application/x-votable+xml;content=datalink,,3300,3300,,,,,,,6.936e-07,8.188e-07,,i,phot.flux.density,,LSSTCam,,,9813,3,i,,deep_coadd - i - tract=9813 patch=3,150.49796583240675,1.4814640227977969,0.2592436409820632,POLYGON ICRS 150.406269 1.389821 150.589632 1.389802 150.589675 1.573100 150.406288 1.573122
image,lsst.deep_coadd,Rubin:Simonyi,3,,lsst_cells_v2-9813-4,LSST.DP2,ivo://org.rubinobs/usdac/lsst-dp2?repo=dp2&id=019ed8bf-7561-7194-b961-cff05bcc87e7,https://data.lsst.cloud/api/datalink/links?ID=ivo%3A%2F%2Forg.rubinobs%2Flsst-dp2%3Frepo%3Ddp2%26id%3D019ed8bf-7561-7194-b961-cff05bcc87e7,application/x-votable+xml;content=datalink,,3300,3300,,,,,,,6.936e-07,8.188e-07,,i,phot.flux.density,,LSSTCam,,,9813,4,i,,deep_coadd - i - tract=9813 patch=4,150.33125981424698,1.4814765567792008,0.2592423975030938,POLYGON ICRS 150.239571 1.389827 150.422938 1.389820 150.422960 1.573121 150.239570 1.573128
image,lsst.deep_coadd,Rubin:Simonyi,3,,lsst_cells_v2-9813-5,LSST.DP2,ivo://org.rubinobs/usdac/lsst-dp2?repo=dp2&id=019ed8bf-fd02-7236-9f01-005615139c5c,https://data.lsst.cloud/api/datalink/links?ID=ivo%3A%2F%2Forg.rubinobs%2Flsst-dp2%3Frepo%3Ddp2%26id%3D019ed8bf-fd02-7236-9f01-005615139c5c,application/x-votable+xml;content=datalink,,3300,3300,,,,,,,6.936e-07,8.188e-07,,i,phot.flux.density,,LSSTCam,,,9813,5,i,,deep_coadd - i - tract=9813 patch=5,150.16455238528224,1.4814765546900979,0.2592423984635767,POLYGON ICRS 150.072874 1.389820 150.256241 1.389827 150.256242 1.573128 150.072852 1.573121
image,lsst.deep_coadd,Rubin:Simonyi,3,,lsst_cells_v2-9813-6,LSST.DP2,ivo://org.rubinobs/usdac/lsst-dp2?repo=dp2&id=019ed8bf-e834-7489-bbb1-4c789bbcc230,https://data.lsst.cloud/api/datalink/links?ID=ivo%3A%2F%2Forg.rubinobs%2Flsst-dp2%3Frepo%3Ddp2%26id%3D019ed8bf-e834-7489-bbb1-4c789bbcc230,application/x-votable+xml;content=datalink,,3300,3300,,,,,,,6.936e-07,8.188e-07,,i,phot.flux.density,,LSSTCam,,,9813,6,i,,deep_coadd - i - tract=9813 patch=6,149.99784636806433,1.4814640165281832,0.25924364085012613,POLYGON ICRS 149.906180 1.389802 150.089544 1.389821 150.089524 1.573122 149.906137 1.573100
image,lsst.deep_coadd,Rubin:Simonyi,3,,lsst_cells_v2-9813-7,LSST.DP2,ivo://org.rubinobs/usdac/lsst-dp2?repo=dp2&id=019ed8bf-b452-7672-9d5e-5da8070c2446,https://data.lsst.cloud/api/datalink/links?ID=ivo%3A%2F%2Forg.rubinobs%2Flsst-dp2%3Frepo%3Ddp2%26id%3D019ed8bf-b452-7672-9d5e-5da8070c2446,application/x-votable+xml;content=datalink,,3300,3300,,,,,,,6.936e-07,8.188e-07,,i,phot.flux.density,,LSSTCam,,,9813,7,i,,deep_coadd - i - tract=9813 patch=7,149.83114458498386,1.4814389432476096,0.25924159330094115,POLYGON ICRS 149.739491 1.389772 149.922849 1.389804 149.922809 1.573103 149.739428 1.573066
image,lsst.deep_coadd,Rubin:Simonyi,3,,lsst_cells_v2-9813-8,LSST.DP2,ivo://org.rubinobs/usdac/lsst-dp2?repo=dp2&id=019ed8bf-a014-727e-8ce3-53b4bf603324,https://data.lsst.cloud/api/datalink/links?ID=ivo%3A%2F%2Forg.rubinobs%2Flsst-dp2%3Frepo%3Ddp2%26id%3D019ed8bf-a014-727e-8ce3-53b4bf603324,application/x-votable+xml;content=datalink,,3300,3300,,,,,,,6.936e-07,8.188e-07,,i,phot.flux.density,,LSSTCam,,,9813,8,i,,deep_coadd - i - tract=9813 patch=8,149.6644498580144,1.4814013367616374,0.25923625615871543,POLYGON ICRS 149.572812 1.389730 149.756160 1.389775 149.756099 1.573070 149.572727 1.573019
image,lsst.deep_coadd,Rubin:Simonyi,3,,lsst_cells_v2-9813-9,LSST.DP2,ivo://org.rubinobs/usdac/lsst-dp2?repo=dp2&id=019ed8bf-0af3-7093-ac34-196cfcb2c6ca,https://data.lsst.cloud/api/datalink/links?ID=ivo%3A%2F%2Forg.rubinobs%2Flsst-dp2%3Frepo%3Ddp2%26id%3D019ed8bf-0af3-7093-ac34-196cfcb2c6ca,application/x-votable+xml;content=datalink,,3300,3300,,,,,,,6.936e-07,8.188e-07,,i,phot.flux.density,,LSSTCam,,,9813,9,i,,deep_coadd - i - tract=9813 patch=9,149.49776500841065,1.481351199922342,0.25922763037133423,POLYGON ICRS 149.406143 1.389677 149.589479 1.389735 149.589397 1.573025 149.406038 1.572959
image,lsst.deep_coadd,Rubin:Simonyi,3,,lsst_cells_v2-9813-10,LSST.DP2,ivo://org.rubinobs/usdac/lsst-dp2?repo=dp2&id=019ed8bf-fb2d-7cca-bdc3-35b73644d273,https://data.lsst.cloud/api/datalink/links?ID=ivo%3A%2F%2Forg.rubinobs%2Flsst-dp2%3Frepo%3Ddp2%26id%3D019ed8bf-fb2d-7cca-bdc3-35b73644d273,application/x-votable+xml;content=datalink,,3300,3300,,,,,,,6.936e-07,8.188e-07,,i,phot.flux.density,,LSSTCam,,,9813,10,i,,deep_coadd - i - tract=9813 patch=10,150.99813217806565,1.6479803486734286,0.2592362584937579,POLYGON ICRS 150.906408 1.556361 151.089764 1.556296 151.089869 1.739590 150.906490 1.739663
image,lsst.deep_coadd,Rubin:Simonyi,3,,lsst_cells_v2-9813-11,LSST.DP2,ivo://org.rubinobs/usdac/lsst-dp2?repo=dp2&id=019ed8bf-df5c-75c4-bb76-befb65526b11,https://data.lsst.cloud/api/datalink/links?ID=ivo%3A%2F%2Forg.rubinobs%2Flsst-dp2%3Frepo%3Ddp2%26id%3D019ed8bf-df5c-75c4-bb76-befb65526b11,application/x-votable+xml;content=datalink,,3300,3300,,,,,,,6.936e-07,8.188e-07,,i,phot.flux.density,,LSSTCam,,,9813,11,i,,deep_coadd - i - tract=9813 patch=11,150.83142844457586,1.6480361271533464,0.2592451763001241,POLYGON ICRS 150.739708 1.556407 150.923077 1.556356 150.923161 1.739657 150.739769 1.739714
image,lsst.deep_coadd,Rubin:Simonyi,3,,lsst_cells_v2-9813-12,LSST.DP2,ivo://org.rubinobs/usdac/lsst-dp2?repo=dp2&id=019ed8bf-b295-7aad-a107-8718ad3f5915,https://data.lsst.cloud/api/datalink/links?ID=ivo%3A%2F%2Forg.rubinobs%2Flsst-dp2%3Frepo%3Ddp2%26id%3D019ed8bf-b295-7aad-a107-8718ad3f5915,application/x-votable+xml;content=datalink,,3300,3300,,,,,,,6.936e-07,8.188e-07,,i,phot.flux.density,,LSSTCam,,,9813,12,i,,deep_coadd - i - tract=9813 patch=12,150.66471483130877,1.6480779641473826,0.2592516095691605,POLYGON ICRS 150.573000 1.556439 150.756378 1.556403 150.756442 1.739710 150.573041 1.739750
image,lsst.deep_coadd,Rubin:Simonyi,3,,lsst_cells_v2-9813-13,LSST.DP2,ivo://org.rubinobs/usdac/lsst-dp2?repo=dp2&id=019ed8bf-9e52-7b56-b7bd-257a2ae55177,https://data.lsst.cloud/api/datalink/links?ID=ivo%3A%2F%2Forg.rubinobs%2Flsst-dp2%3Frepo%3Ddp2%26id%3D019ed8bf-9e52-7b56-b7bd-257a2ae55177,application/x-votable+xml;content=datalink,,3300,3300,,,,,,,6.936e-07,8.188e-07,,i,phot.flux.density,,LSSTCam,,,9813,13,i,,deep_coadd - i - tract=9813 patch=13,150.49799416047242,1.6481058564710651,0.25925475305842116,POLYGON ICRS 150.406286 1.556458 150.589671 1.556436 150.589714 1.739747 150.406306 1.739771
image,lsst.deep_coadd,Rubin:Simonyi,3,,lsst_cells_v2-9813-14,LSST.DP2,ivo://org.rubinobs/usdac/lsst-dp2?repo=dp2&id=019ed8bf-093a-7ec6-8228-2c198fc7a2b1,https://data.lsst.cloud/api/datalink/links?ID=ivo%3A%2F%2Forg.rubinobs%2Flsst-dp2%3Frepo%3Ddp2%26id%3D019ed8bf-093a-7ec6-8228-2c198fc7a2b1,application/x-votable+xml;content=datalink,,3300,3300,,,,,,,6.936e-07,8.188e-07,,i,phot.flux.density,,LSSTCam,,,9813,14,i,,deep_coadd - i - tract=9813 patch=14,150.33126925499627,1.648119802005879,0.2592546063465284,POLYGON ICRS 150.239570 1.556464 150.422958 1.556457 150.422980 1.739770 150.239569 1.739778
image,lsst.deep_coadd,Rubin:Simonyi,3,,lsst_cells_v2-9813-15,LSST.DP2,ivo://org.rubinobs/usdac/lsst-dp2?repo=dp2&id=019ed8c0-0b16-7076-a44b-e4cf3b8923ec,https://data.lsst.cloud/api/datalink/links?ID=ivo%3A%2F%2Forg.rubinobs%2Flsst-dp2%3Frepo%3Ddp2%26id%3D019ed8c0-0b16-7076-a44b-e4cf3b8923ec,application/x-votable+xml;content=datalink,,3300,3300,,,,,,,6.936e-07,8.188e-07,,i,phot.flux.density,,LSSTCam,,,9813,15,i,,deep_coadd - i - tract=9813 patch=15,150.16454293823946,1.6481197996794905,0.25925460694775965,POLYGON ICRS 150.072854 1.556457 150.256242 1.556464 150.256243 1.739778 150.072832 1.739770
image,lsst.deep_coadd,Rubin:Simonyi,3,,lsst_cells_v2-9813-16,LSST.DP2,ivo://org.rubinobs/usdac/lsst-dp2?repo=dp2&id=019ed8bf-dda2-7785-88ed-80a7df6a4474,https://data.lsst.cloud/api/datalink/links?ID=ivo%3A%2F%2Forg.rubinobs%2Flsst-dp2%3Frepo%3Ddp2%26id%3D019ed8bf-dda2-7785-88ed-80a7df6a4474,application/x-votable+xml;content=datalink,,3300,3300,,,,,,,6.936e-07,8.188e-07,,i,phot.flux.density,,LSSTCam,,,9813,16,i,,deep_coadd - i - tract=9813 patch=16,149.9978180337028,1.6481058495015795,0.25925475255186475,POLYGON ICRS 149.906141 1.556436 150.089526 1.556458 150.089506 1.739771 149.906098 1.739747
image,lsst.deep_coadd,Rubin:Simonyi,3,,lsst_cells_v2-9813-17,LSST.DP2,ivo://org.rubinobs/usdac/lsst-dp2?repo=dp2&id=019ed8bf-4880-7b85-85f5-8d8d6b941545,https://data.lsst.cloud/api/datalink/links?ID=ivo%3A%2F%2Forg.rubinobs%2Flsst-dp2%3Frepo%3Ddp2%26id%3D019ed8bf-4880-7b85-85f5-8d8d6b941545,application/x-votable+xml;content=datalink,,3300,3300,,,,,,,6.936e-07,8.188e-07,,i,phot.flux.density,,LSSTCam,,,9813,17,i,,deep_coadd - i - tract=9813 patch=17,149.83109736474748,1.6480779525223108,0.25925160797412167,POLYGON ICRS 149.739434 1.556403 149.922812 1.556439 149.922772 1.739750 149.739370 1.739710
image,lsst.deep_coadd,Rubin:Simonyi,3,,lsst_cells_v2-9813-18,LSST.DP2,ivo://org.rubinobs/usdac/lsst-dp2?repo=dp2&id=019ed8bf-340e-7553-8920-80816634d99a,https://data.lsst.cloud/api/datalink/links?ID=ivo%3A%2F%2Forg.rubinobs%2Flsst-dp2%3Frepo%3Ddp2%26id%3D019ed8bf-340e-7553-8920-80816634d99a,application/x-votable+xml;content=datalink,,3300,3300,,,,,,,6.936e-07,8.188e-07,,i,phot.flux.density,,LSSTCam,,,9813,18,i,,deep_coadd - i - tract=9813 patch=18,149.66438375430303,1.6480361108825148,0.2592451738775534,POLYGON ICRS 149.572735 1.556356 149.756104 1.556407 149.756043 1.739714 149.572651 1.739657
image,lsst.deep_coadd,Rubin:Simonyi,3,,lsst_cells_v2-9813-19,LSST.DP2,ivo://org.rubinobs/usdac/lsst-dp2?repo=dp2&id=019ed8bf-0784-7b0a-a9ac-397803f59d52,https://data.lsst.cloud/api/datalink/links?ID=ivo%3A%2F%2Forg.rubinobs%2Flsst-dp2%3Frepo%3Ddp2%26id%3D019ed8bf-0784-7b0a-a9ac-397803f59d52,application/x-votable+xml;content=datalink,,3300,3300,,,,,,,6.936e-07,8.188e-07,,i,phot.flux.density,,LSSTCam,,,9813,19,i,,deep_coadd - i - tract=9813 patch=19,149.497680024579,1.647980327754044,0.259236254969205,POLYGON ICRS 149.406048 1.556296 149.589404 1.556361 149.589322 1.739663 149.405943 1.739590
image,lsst.deep_coadd,Rubin:Simonyi,3,,lsst_cells_v2-9813-20,LSST.DP2,ivo://org.rubinobs/usdac/lsst-dp2?repo=dp2&id=019ed8c0-0967-7cc6-b88d-73458f6467c5,https://data.lsst.cloud/api/datalink/links?ID=ivo%3A%2F%2Forg.rubinobs%2Flsst-dp2%3Frepo%3Ddp2%26id%3D019ed8c0-0967-7cc6-b88d-73458f6467c5,application/x-votable+xml;content=datalink,,3300,3300,,,,,,,6.936e-07,8.188e-07,,i,phot.flux.density,,LSSTCam,,,9813,20,i,,deep_coadd - i - tract=9813 patch=20,150.99821717490317,1.8146193451373545,0.25924159452667833,POLYGON ICRS 150.906482 1.722999 151.089860 1.722927 151.089965 1.906231 150.906564 1.906310
image,lsst.deep_coadd,Rubin:Simonyi,3,,lsst_cells_v2-9813-21,LSST.DP2,ivo://org.rubinobs/usdac/lsst-dp2?repo=dp2&id=019ed8bf-7328-7b92-9dab-315d9d64db0e,https://data.lsst.cloud/api/datalink/links?ID=ivo%3A%2F%2Forg.rubinobs%2Flsst-dp2%3Frepo%3Ddp2%26id%3D019ed8bf-7328-7b92-9dab-315d9d64db0e,application/x-votable+xml;content=datalink,,3300,3300,,,,,,,6.936e-07,8.188e-07,,i,phot.flux.density,,LSSTCam,,,9813,21,i,,deep_coadd - i - tract=9813 patch=21,150.83149455700763,1.8146807704430363,0.259251609568873,POLYGON ICRS 150.739764 1.723049 150.923154 1.722993 150.923238 1.906304 150.739825 1.906366
image,lsst.deep_coadd,Rubin:Simonyi,3,,lsst_cells_v2-9813-22,LSST.DP2,ivo://org.rubinobs/usdac/lsst-dp2?repo=dp2&id=019ed8bf-5ef5-7169-9afc-057ed8b04f6b,https://data.lsst.cloud/api/datalink/links?ID=ivo%3A%2F%2Forg.rubinobs%2Flsst-dp2%3Frepo%3Ddp2%26id%3D019ed8bf-5ef5-7169-9afc-057ed8b04f6b,application/x-votable+xml;content=datalink,,3300,3300,,,,,,,6.936e-07,8.188e-07,,i,phot.flux.density,,LSSTCam,,,9813,22,i,,deep_coadd - i - tract=9813 patch=22,150.6647620559731,1.8147268428755046,0.25925833553588873,POLYGON ICRS 150.573037 1.723085 150.756436 1.723045 150.756499 1.906361 150.573077 1.906406
image,lsst.deep_coadd,Rubin:Simonyi,3,,lsst_cells_v2-9813-23,LSST.DP2,ivo://org.rubinobs/usdac/lsst-dp2?repo=dp2&id=019ed8bf-325d-708e-931a-abfddd0fc0f9,https://data.lsst.cloud/api/datalink/links?ID=ivo%3A%2F%2Forg.rubinobs%2Flsst-dp2%3Frepo%3Ddp2%26id%3D019ed8bf-325d-708e-931a-abfddd0fc0f9,application/x-votable+xml;content=datalink,,3300,3300,,,,,,,6.936e-07,8.188e-07,,i,phot.flux.density,,LSSTCam,,,9813,23,i,,deep_coadd - i - tract=9813 patch=23,150.49802249497253,1.8147575589274685,0.25926257607908465,POLYGON ICRS 150.406304 1.723106 150.589710 1.723082 150.589752 1.906402 150.406324 1.906429
image,lsst.deep_coadd,Rubin:Simonyi,3,,lsst_cells_v2-9813-24,LSST.DP2,ivo://org.rubinobs/usdac/lsst-dp2?repo=dp2&id=019ed8bf-b212-74cd-9c2d-bc7166415d09,https://data.lsst.cloud/api/datalink/links?ID=ivo%3A%2F%2Forg.rubinobs%2Flsst-dp2%3Frepo%3Ddp2%26id%3D019ed8bf-b212-74cd-9c2d-bc7166415d09,application/x-votable+xml;content=datalink,,3300,3300,,,,,,,6.936e-07,8.188e-07,,i,phot.flux.density,,LSSTCam,,,9813,24,i,,deep_coadd - i - tract=9813 patch=24,150.33127869789146,1.8147729162536457,0.25926352627503924,POLYGON ICRS 150.239569 1.723113 150.422978 1.723105 150.423000 1.906427 150.239568 1.906436
image,lsst.deep_coadd,Rubin:Simonyi,3,,lsst_cells_v2-9813-25,LSST.DP2,ivo://org.rubinobs/usdac/lsst-dp2?repo=dp2&id=019ed8bf-9dd5-78b5-9c0a-b0794289cadb,https://data.lsst.cloud/api/datalink/links?ID=ivo%3A%2F%2Forg.rubinobs%2Flsst-dp2%3Frepo%3Ddp2%26id%3D019ed8bf-9dd5-78b5-9c0a-b0794289cadb,application/x-votable+xml;content=datalink,,3300,3300,,,,,,,6.936e-07,8.188e-07,,i,phot.flux.density,,LSSTCam,,,9813,25,i,,deep_coadd - i - tract=9813 patch=25,150.16453348904625,1.814772913696655,0.2592635265030038,POLYGON ICRS 150.072834 1.723105 150.256243 1.723113 150.256244 1.906436 150.072813 1.906427
image,lsst.deep_coadd,Rubin:Simonyi,3,,lsst_cells_v2-9813-26,LSST.DP2,ivo://org.rubinobs/usdac/lsst-dp2?repo=dp2&id=019ed8bf-7172-7c4d-96fa-e9336969db95,https://data.lsst.cloud/api/datalink/links?ID=ivo%3A%2F%2Forg.rubinobs%2Flsst-dp2%3Frepo%3Ddp2%26id%3D019ed8bf-7172-7c4d-96fa-e9336969db95,application/x-votable+xml;content=datalink,,3300,3300,,,,,,,6.936e-07,8.188e-07,,i,phot.flux.density,,LSSTCam,,,9813,26,i,,deep_coadd - i - tract=9813 patch=26,149.99778969290827,1.8147575512464937,0.2592625752183235,POLYGON ICRS 149.906102 1.723082 150.089508 1.723106 150.089488 1.906429 149.906060 1.906402
image,lsst.deep_coadd,Rubin:Simonyi,3,,lsst_cells_v2-9813-27,LSST.DP2,ivo://org.rubinobs/usdac/lsst-dp2?repo=dp2&id=019ed8bf-5d44-77e6-bb59-9d66b1874202,https://data.lsst.cloud/api/datalink/links?ID=ivo%3A%2F%2Forg.rubinobs%2Flsst-dp2%3Frepo%3Ddp2%26id%3D019ed8bf-5d44-77e6-bb59-9d66b1874202,application/x-votable+xml;content=datalink,,3300,3300,,,,,,,6.936e-07,8.188e-07,,i,phot.flux.density,,LSSTCam,,,9813,27,i,,deep_coadd - i - tract=9813 patch=27,149.83105013378835,1.8147268300757253,0.2592583338411202,POLYGON ICRS 149.739376 1.723045 149.922775 1.723085 149.922735 1.906406 149.739313 1.906361
image,lsst.deep_coadd,Rubin:Simonyi,3,,lsst_cells_v2-9813-28,LSST.DP2,ivo://org.rubinobs/usdac/lsst-dp2?repo=dp2&id=019ed8bf-29ae-7e04-b67e-20524dfc356d,https://data.lsst.cloud/api/datalink/links?ID=ivo%3A%2F%2Forg.rubinobs%2Flsst-dp2%3Frepo%3Ddp2%26id%3D019ed8bf-29ae-7e04-b67e-20524dfc356d,application/x-votable+xml;content=datalink,,3300,3300,,,,,,,6.936e-07,8.188e-07,,i,phot.flux.density,,LSSTCam,,,9813,28,i,,deep_coadd - i - tract=9813 patch=28,149.6643176355725,1.814680752527182,0.2592516067883503,POLYGON ICRS 149.572659 1.722993 149.756048 1.723049 149.755987 1.906366 149.572574 1.906304
image,lsst.deep_coadd,Rubin:Simonyi,3,,lsst_cells_v2-9813-29,LSST.DP2,ivo://org.rubinobs/usdac/lsst-dp2?repo=dp2&id=019ed8bf-b060-7a4b-8f20-47f8964fbaf6,https://data.lsst.cloud/api/datalink/links?ID=ivo%3A%2F%2Forg.rubinobs%2Flsst-dp2%3Frepo%3Ddp2%26id%3D019ed8bf-b060-7a4b-8f20-47f8964fbaf6,application/x-votable+xml;content=datalink,,3300,3300,,,,,,,6.936e-07,8.188e-07,,i,phot.flux.density,,LSSTCam,,,9813,29,i,,deep_coadd - i - tract=9813 patch=29,149.49759502144843,1.8146193221071047,0.25924159064428676,POLYGON ICRS 149.405952 1.722927 149.589330 1.722999 149.589248 1.906310 149.405847 1.906230
image,lsst.deep_coadd,Rubin:Simonyi,3,,lsst_cells_v2-9813-30,LSST.DP2,ivo://org.rubinobs/usdac/lsst-dp2?repo=dp2&id=019ed8bf-9c1f-7d63-826a-994e03f7b341,https://data.lsst.cloud/api/datalink/links?ID=ivo%3A%2F%2Forg.rubinobs%2Flsst-dp2%3Frepo%3Ddp2%26id%3D019ed8bf-9c1f-7d63-826a-994e03f7b341,application/x-votable+xml;content=datalink,,3300,3300,,,,,,,6.936e-07,8.188e-07,,i,phot.flux.density,,LSSTCam,,,9813,30,i,,deep_coadd - i - tract=9813 patch=30,150.99830219104592,1.981265389698785,0.2592436409782065,POLYGON ICRS 150.906557 1.889645 151.089955 1.889566 151.090060 2.072876 150.906639 2.072963
image,lsst.deep_coadd,Rubin:Simonyi,3,,lsst_cells_v2-9813-31,LSST.DP2,ivo://org.rubinobs/usdac/lsst-dp2?repo=dp2&id=019ed8bf-0702-7e14-9c13-6e729e57522e,https://data.lsst.cloud/api/datalink/links?ID=ivo%3A%2F%2Forg.rubinobs%2Flsst-dp2%3Frepo%3Ddp2%26id%3D019ed8bf-0702-7e14-9c13-6e729e57522e,application/x-votable+xml;content=datalink,,3300,3300,,,,,,,6.936e-07,8.188e-07,,i,phot.flux.density,,LSSTCam,,,9813,31,i,,deep_coadd - i - tract=9813 patch=31,150.83156068445328,1.9813324625413506,0.259254753049073,POLYGON ICRS 150.739819 1.889701 150.923230 1.889639 150.923314 2.072956 150.739881 2.073023
image,lsst.deep_coadd,Rubin:Simonyi,3,,lsst_cells_v2-9813-32,LSST.DP2,ivo://org.rubinobs/usdac/lsst-dp2?repo=dp2&id=019ed8bf-5497-7709-be1f-8dc5dcfa2f69,https://data.lsst.cloud/api/datalink/links?ID=ivo%3A%2F%2Forg.rubinobs%2Flsst-dp2%3Frepo%3Ddp2%26id%3D019ed8bf-5497-7709-be1f-8dc5dcfa2f69,application/x-votable+xml;content=datalink,,3300,3300,,,,,,,6.936e-07,8.188e-07,,i,phot.flux.density,,LSSTCam,,,9813,32,i,,deep_coadd - i - tract=9813 patch=32,150.66480929136367,1.981382770951262,0.2592625760853584,POLYGON ICRS 150.573074 1.889740 150.756494 1.889696 150.756557 2.073018 150.573114 2.073066
image,lsst.deep_coadd,Rubin:Simonyi,3,,lsst_cells_v2-9813-33,LSST.DP2,ivo://org.rubinobs/usdac/lsst-dp2?repo=dp2&id=019ed8bf-db49-7ba9-8861-78fd4d0c82fb,https://data.lsst.cloud/api/datalink/links?ID=ivo%3A%2F%2Forg.rubinobs%2Flsst-dp2%3Frepo%3Ddp2%26id%3D019ed8bf-db49-7ba9-8861-78fd4d0c82fb,application/x-votable+xml;content=datalink,,3300,3300,,,,,,,6.936e-07,8.188e-07,,i,phot.flux.density,,LSSTCam,,,9813,33,i,,deep_coadd - i - tract=9813 patch=33,150.4980508359075,1.9814163110842786,0.25926710922854024,POLYGON ICRS 150.406322 1.889763 150.589749 1.889737 150.589791 2.073063 150.406342 2.073092
image,lsst.deep_coadd,Rubin:Simonyi,3,,lsst_cells_v2-9813-34,LSST.DP2,ivo://org.rubinobs/usdac/lsst-dp2?repo=dp2&id=019ed8bf-c6b2-7ee4-9e3e-9f806df3e7f0,https://data.lsst.cloud/api/datalink/links?ID=ivo%3A%2F%2Forg.rubinobs%2Flsst-dp2%3Frepo%3Ddp2%26id%3D019ed8bf-c6b2-7ee4-9e3e-9f806df3e7f0,application/x-votable+xml;content=datalink,,3300,3300,,,,,,,6.936e-07,8.188e-07,,i,phot.flux.density,,LSSTCam,,,9813,34,i,,deep_coadd - i - tract=9813 patch=34,150.33128814293224,1.9814330803918139,0.2592691563655317,POLYGON ICRS 150.239568 1.889770 150.422998 1.889761 150.423019 2.073090 150.239567 2.073100
image,lsst.deep_coadd,Rubin:Simonyi,3,,lsst_cells_v2-9813-35,LSST.DP2,ivo://org.rubinobs/usdac/lsst-dp2?repo=dp2&id=019ed8bf-9a6b-7026-a2ba-cb2bd82e7000,https://data.lsst.cloud/api/datalink/links?ID=ivo%3A%2F%2Forg.rubinobs%2Flsst-dp2%3Frepo%3Ddp2%26id%3D019ed8bf-9a6b-7026-a2ba-cb2bd82e7000,application/x-votable+xml;content=datalink,,3300,3300,,,,,,,6.936e-07,8.188e-07,,i,phot.flux.density,,LSSTCam,,,9813,35,i,,deep_coadd - i - tract=9813 patch=35,150.16452403771189,1.9814330775986877,0.25926915623626273,POLYGON ICRS 150.072815 1.889761 150.256244 1.889770 150.256245 2.073100 150.072793 2.073090
image,lsst.deep_coadd,Rubin:Simonyi,3,,lsst_cells_v2-9813-36,LSST.DP2,ivo://org.rubinobs/usdac/lsst-dp2?repo=dp2&id=019ed8be-fe31-75c6-861c-969ef07a1d5f,https://data.lsst.cloud/api/datalink/links?ID=ivo%3A%2F%2Forg.rubinobs%2Flsst-dp2%3Frepo%3Ddp2%26id%3D019ed8be-fe31-75c6-861c-969ef07a1d5f,application/x-votable+xml;content=datalink,,3300,3300,,,,,,,6.936e-07,8.188e-07,,i,phot.flux.density,,LSSTCam,,,9813,36,i,,deep_coadd - i - tract=9813 patch=36,149.99776134567645,1.9814163026972995,0.2592671082589847,POLYGON ICRS 149.906064 1.889737 150.089490 1.889763 150.089470 2.073092 149.906021 2.073063
image,lsst.deep_coadd,Rubin:Simonyi,3,,lsst_cells_v2-9813-37,LSST.DP2,ivo://org.rubinobs/usdac/lsst-dp2?repo=dp2&id=019ed8c0-0733-7ab1-b6a4-ee1b9b7171fa,https://data.lsst.cloud/api/datalink/links?ID=ivo%3A%2F%2Forg.rubinobs%2Flsst-dp2%3Frepo%3Ddp2%26id%3D019ed8c0-0733-7ab1-b6a4-ee1b9b7171fa,application/x-votable+xml;content=datalink,,3300,3300,,,,,,,6.936e-07,8.188e-07,,i,phot.flux.density,,LSSTCam,,,9813,37,i,,deep_coadd - i - tract=9813 patch=37,149.8310028920999,1.9813827569727496,0.25926257402227126,POLYGON ICRS 149.739319 1.889696 149.922739 1.889740 149.922698 2.073066 149.739255 2.073018
image,lsst.deep_coadd,Rubin:Simonyi,3,,lsst_cells_v2-9813-38,LSST.DP2,ivo://org.rubinobs/usdac/lsst-dp2?repo=dp2&id=019ed8bf-d982-72d6-bd80-50bfe03623c8,https://data.lsst.cloud/api/datalink/links?ID=ivo%3A%2F%2Forg.rubinobs%2Flsst-dp2%3Frepo%3Ddp2%26id%3D019ed8bf-d982-72d6-bd80-50bfe03623c8,application/x-votable+xml;content=datalink,,3300,3300,,,,,,,6.936e-07,8.188e-07,,i,phot.flux.density,,LSSTCam,,,9813,38,i,,deep_coadd - i - tract=9813 patch=38,149.66425150183287,1.98133244297899,0.25925474989998093,POLYGON ICRS 149.572582 1.889639 149.755993 1.889701 149.755931 2.073023 149.572498 2.072956
image,lsst.deep_coadd,Rubin:Simonyi,3,,lsst_cells_v2-9813-39,LSST.DP2,ivo://org.rubinobs/usdac/lsst-dp2?repo=dp2&id=019ed8bf-c500-73f4-8b6e-d26cbd57816c,https://data.lsst.cloud/api/datalink/links?ID=ivo%3A%2F%2Forg.rubinobs%2Flsst-dp2%3Frepo%3Ddp2%26id%3D019ed8bf-c500-73f4-8b6e-d26cbd57816c,application/x-votable+xml;content=datalink,,3300,3300,,,,,,,6.936e-07,8.188e-07,,i,phot.flux.density,,LSSTCam,,,9813,39,i,,deep_coadd - i - tract=9813 patch=39,149.4975099990096,1.9812653645474811,0.2592436367263546,POLYGON ICRS 149.405857 1.889566 149.589255 1.889645 149.589173 2.072963 149.405752 2.072876
image,lsst.deep_coadd,Rubin:Simonyi,3,,lsst_cells_v2-9813-40,LSST.DP2,ivo://org.rubinobs/usdac/lsst-dp2?repo=dp2&id=019ed8bf-2929-7776-b254-c72f74b35890,https://data.lsst.cloud/api/datalink/links?ID=ivo%3A%2F%2Forg.rubinobs%2Flsst-dp2%3Frepo%3Ddp2%26id%3D019ed8bf-2929-7776-b254-c72f74b35890,application/x-votable+xml;content=datalink,,3300,3300,,,,,,,6.936e-07,8.188e-07,,i,phot.flux.density,,LSSTCam,,,9813,40,i,,deep_coadd - i - tract=9813 patch=40,150.99838722649912,2.147915663212259,0.2592423974979497,POLYGON ICRS 150.906632 2.056298 151.090051 2.056211 151.090156 2.239524 150.906714 2.239618
image,lsst.deep_coadd,Rubin:Simonyi,3,,lsst_cells_v2-9813-41,LSST.DP2,ivo://org.rubinobs/usdac/lsst-dp2?repo=dp2&id=019ed8bf-14c6-7ffc-b91a-9e86bfb8698f,https://data.lsst.cloud/api/datalink/links?ID=ivo%3A%2F%2Forg.rubinobs%2Flsst-dp2%3Frepo%3Ddp2%26id%3D019ed8bf-14c6-7ffc-b91a-9e86bfb8698f,application/x-votable+xml;content=datalink,,3300,3300,,,,,,,6.936e-07,8.188e-07,,i,phot.flux.density,,LSSTCam,,,9813,41,i,,deep_coadd - i - tract=9813 patch=41,150.83162682692338,2.1479883840307465,0.259254606350213,POLYGON ICRS 150.739875 2.056358 150.923307 2.056291 150.923391 2.239611 150.739937 2.239684
image,lsst.deep_coadd,Rubin:Simonyi,3,,lsst_cells_v2-9813-42,LSST.DP2,ivo://org.rubinobs/usdac/lsst-dp2?repo=dp2&id=019ed8c0-057f-7487-8d8f-bd2c40a383de,https://data.lsst.cloud/api/datalink/links?ID=ivo%3A%2F%2Forg.rubinobs%2Flsst-dp2%3Frepo%3Ddp2%26id%3D019ed8c0-057f-7487-8d8f-bd2c40a383de,application/x-votable+xml;content=datalink,,3300,3300,,,,,,,6.936e-07,8.188e-07,,i,phot.flux.density,,LSSTCam,,,9813,42,i,,deep_coadd - i - tract=9813 patch=42,150.6648565374821,2.148042928732012,0.25926352626856597,POLYGON ICRS 150.573111 2.056400 150.756551 2.056352 150.756615 2.239678 150.573151 2.239730
image,lsst.deep_coadd,Rubin:Simonyi,3,,lsst_cells_v2-9813-43,LSST.DP2,ivo://org.rubinobs/usdac/lsst-dp2?repo=dp2&id=019ed8bf-6f37-72e5-8032-9edf982c33e2,https://data.lsst.cloud/api/datalink/links?ID=ivo%3A%2F%2Forg.rubinobs%2Flsst-dp2%3Frepo%3Ddp2%26id%3D019ed8bf-6f37-72e5-8032-9edf982c33e2,application/x-votable+xml;content=datalink,,3300,3300,,,,,,,6.936e-07,8.188e-07,,i,phot.flux.density,,LSSTCam,,,9813,43,i,,deep_coadd - i - tract=9813 patch=43,150.49807918327735,2.148079293165218,0.259269156364535,POLYGON ICRS 150.406340 2.056425 150.589787 2.056397 150.589830 2.239726 150.406360 2.239758
image,lsst.deep_coadd,Rubin:Simonyi,3,,lsst_cells_v2-9813-44,LSST.DP2,ivo://org.rubinobs/usdac/lsst-dp2?repo=dp2&id=019ed8bf-5b03-7aca-9cfa-aac90ab208d8,https://data.lsst.cloud/api/datalink/links?ID=ivo%3A%2F%2Forg.rubinobs%2Flsst-dp2%3Frepo%3Ddp2%26id%3D019ed8bf-5b03-7aca-9cfa-aac90ab208d8,application/x-votable+xml;content=datalink,,3300,3300,,,,,,,6.936e-07,8.188e-07,,i,phot.flux.density,,LSSTCam,,,9813,44,i,,deep_coadd - i - tract=9813 patch=44,150.33129759011356,2.148097474558411,0.2592714960436389,POLYGON ICRS 150.239567 2.056433 150.423018 2.056424 150.423039 2.239756 150.239566 2.239766
image,lsst.deep_coadd,Rubin:Simonyi,3,,lsst_cells_v2-9813-45,LSST.DP2,ivo://org.rubinobs/usdac/lsst-dp2?repo=dp2&id=019ed8bf-2775-7608-a62f-65557876a9f5,https://data.lsst.cloud/api/datalink/links?ID=ivo%3A%2F%2Forg.rubinobs%2Flsst-dp2%3Frepo%3Ddp2%26id%3D019ed8bf-2775-7608-a62f-65557876a9f5,application/x-votable+xml;content=datalink,,3300,3300,,,,,,,6.936e-07,8.188e-07,,i,phot.flux.density,,LSSTCam,,,9813,45,i,,deep_coadd - i - tract=9813 patch=45,150.16451458422642,2.1480974715282475,0.2592714958062109,POLYGON ICRS 150.072795 2.056424 150.256245 2.056433 150.256246 2.239766 150.072773 2.239756
image,lsst.deep_coadd,Rubin:Simonyi,3,,lsst_cells_v2-9813-46,LSST.DP2,ivo://org.rubinobs/usdac/lsst-dp2?repo=dp2&id=019ed8bf-130d-7376-9230-c6ea8b2eb198,https://data.lsst.cloud/api/datalink/links?ID=ivo%3A%2F%2Forg.rubinobs%2Flsst-dp2%3Frepo%3Ddp2%26id%3D019ed8bf-130d-7376-9230-c6ea8b2eb198,application/x-votable+xml;content=datalink,,3300,3300,,,,,,,6.936e-07,8.188e-07,,i,phot.flux.density,,LSSTCam,,,9813,46,i,,deep_coadd - i - tract=9813 patch=46,149.99773299199958,2.148079284075359,0.25926915504406856,POLYGON ICRS 149.906025 2.056397 150.089472 2.056425 150.089452 2.239758 149.905982 2.239726
image,lsst.deep_coadd,Rubin:Simonyi,3,,lsst_cells_v2-9813-47,LSST.DP2,ivo://org.rubinobs/usdac/lsst-dp2?repo=dp2&id=019ed8bf-99e6-79c0-b92e-4b5a56ddc09c,https://data.lsst.cloud/api/datalink/links?ID=ivo%3A%2F%2Forg.rubinobs%2Flsst-dp2%3Frepo%3Ddp2%26id%3D019ed8bf-99e6-79c0-b92e-4b5a56ddc09c,application/x-votable+xml;content=datalink,,3300,3300,,,,,,,6.936e-07,8.188e-07,,i,phot.flux.density,,LSSTCam,,,9813,47,i,,deep_coadd - i - tract=9813 patch=47,149.83095563967942,2.148042913578856,0.25926352384689877,POLYGON ICRS 149.739261 2.056352 149.922702 2.056400 149.922661 2.239730 149.739197 2.239678
image,lsst.deep_coadd,Rubin:Simonyi,3,,lsst_cells_v2-9813-48,LSST.DP2,ivo://org.rubinobs/usdac/lsst-dp2?repo=dp2&id=019ed8bf-6d87-7a58-a9c5-881489d8f38c,https://data.lsst.cloud/api/datalink/links?ID=ivo%3A%2F%2Forg.rubinobs%2Flsst-dp2%3Frepo%3Ddp2%26id%3D019ed8bf-6d87-7a58-a9c5-881489d8f38c,application/x-votable+xml;content=datalink,,3300,3300,,,,,,,6.936e-07,8.188e-07,,i,phot.flux.density,,LSSTCam,,,9813,48,i,,deep_coadd - i - tract=9813 patch=48,149.66418535306585,2.1479883628160286,0.2592546028266673,POLYGON ICRS 149.572506 2.056291 149.755937 2.056358 149.755876 2.239684 149.572421 2.239611
image,lsst.deep_coadd,Rubin:Simonyi,3,,lsst_cells_v2-9813-49,LSST.DP2,ivo://org.rubinobs/usdac/lsst-dp2?repo=dp2&id=019ed8bf-525c-7984-90c0-0c5e0c6cc94f,https://data.lsst.cloud/api/datalink/links?ID=ivo%3A%2F%2Forg.rubinobs%2Flsst-dp2%3Frepo%3Ddp2%26id%3D019ed8bf-525c-7984-90c0-0c5e0c6cc94f,application/x-votable+xml;content=datalink,,3300,3300,,,,,,,6.936e-07,8.188e-07,,i,phot.flux.density,,LSSTCam,,,9813,49,i,,deep_coadd - i - tract=9813 patch=49,149.4974249572558,2.1479156359419975,0.25924239288423634,POLYGON ICRS 149.405762 2.056211 149.589181 2.056297 149.589098 2.239618 149.405657 2.239524
image,lsst.deep_coadd,Rubin:Simonyi,3,,lsst_cells_v2-9813-50,LSST.DP2,ivo://org.rubinobs/usdac/lsst-dp2?repo=dp2&id=019ed8bf-d901-7db4-bfc6-78c10bff010f,https://data.lsst.cloud/api/datalink/links?ID=ivo%3A%2F%2Forg.rubinobs%2Flsst-dp2%3Frepo%3Ddp2%26id%3D019ed8bf-d901-7db4-bfc6-78c10bff010f,application/x-votable+xml;content=datalink,,3300,3300,,,,,,,6.936e-07,8.188e-07,,i,phot.flux.density,,LSSTCam,,,9813,50,i,,deep_coadd - i - tract=9813 patch=50,150.99847228127268,2.3145673461029195,0.2592423984666941,POLYGON ICRS 150.906706 2.222953 151.090146 2.222859 151.090251 2.406172 150.906788 2.406273
image,lsst.deep_coadd,Rubin:Simonyi,3,,lsst_cells_v2-9813-51,LSST.DP2,ivo://org.rubinobs/usdac/lsst-dp2?repo=dp2&id=019ed8bf-c47e-70cd-b928-65a9725c6a8b,https://data.lsst.cloud/api/datalink/links?ID=ivo%3A%2F%2Forg.rubinobs%2Flsst-dp2%3Frepo%3Ddp2%26id%3D019ed8bf-c47e-70cd-b928-65a9725c6a8b,application/x-votable+xml;content=datalink,,3300,3300,,,,,,,6.936e-07,8.188e-07,,i,phot.flux.density,,LSSTCam,,,9813,51,i,,deep_coadd - i - tract=9813 patch=51,150.83169298441723,2.3146457150428934,0.2592546069414577,POLYGON ICRS 150.739931 2.223018 150.923383 2.222945 150.923467 2.406265 150.739992 2.406344
image,lsst.deep_coadd,Rubin:Simonyi,3,,lsst_cells_v2-9813-52,LSST.DP2,ivo://org.rubinobs/usdac/lsst-dp2?repo=dp2&id=019ed8bf-9821-77be-b124-d10c36a24e1c,https://data.lsst.cloud/api/datalink/links?ID=ivo%3A%2F%2Forg.rubinobs%2Flsst-dp2%3Frepo%3Ddp2%26id%3D019ed8bf-9821-77be-b124-d10c36a24e1c,application/x-votable+xml;content=datalink,,3300,3300,,,,,,,6.936e-07,8.188e-07,,i,phot.flux.density,,LSSTCam,,,9813,52,i,,deep_coadd - i - tract=9813 patch=52,150.6649037943434,2.3147044961499614,0.2592635265099044,POLYGON ICRS 150.573147 2.223064 150.756609 2.223012 150.756672 2.406337 150.573188 2.406393
image,lsst.deep_coadd,Rubin:Simonyi,3,,lsst_cells_v2-9813-53,LSST.DP2,ivo://org.rubinobs/usdac/lsst-dp2?repo=dp2&id=019ed8bf-7cdc-7bab-9889-e197dbc0a0f5,https://data.lsst.cloud/api/datalink/links?ID=ivo%3A%2F%2Forg.rubinobs%2Flsst-dp2%3Frepo%3Ddp2%26id%3D019ed8bf-7cdc-7bab-9889-e197dbc0a0f5,application/x-votable+xml;content=datalink,,3300,3300,,,,,,,6.936e-07,8.188e-07,,i,phot.flux.density,,LSSTCam,,,9813,53,i,,deep_coadd - i - tract=9813 patch=53,150.49810753709212,2.3147436849550975,0.2592691562350225,POLYGON ICRS 150.406358 2.223091 150.589826 2.223060 150.589869 2.406389 150.406378 2.406423
image,lsst.deep_coadd,Rubin:Simonyi,3,,lsst_cells_v2-9813-54,LSST.DP2,ivo://org.rubinobs/usdac/lsst-dp2?repo=dp2&id=019ed8bf-50a1-7aee-bdfd-5bbbbb8c3ef2,https://data.lsst.cloud/api/datalink/links?ID=ivo%3A%2F%2Forg.rubinobs%2Flsst-dp2%3Frepo%3Ddp2%26id%3D019ed8bf-50a1-7aee-bdfd-5bbbbb8c3ef2,application/x-votable+xml;content=datalink,,3300,3300,,,,,,,6.936e-07,8.188e-07,,i,phot.flux.density,,LSSTCam,,,9813,54,i,,deep_coadd - i - tract=9813 patch=54,150.33130703944266,2.314763278473315,0.2592714958124284,POLYGON ICRS 150.239566 2.223099 150.423037 2.223089 150.423059 2.406421 150.239565 2.406432
image,lsst.deep_coadd,Rubin:Simonyi,3,,lsst_cells_v2-9813-55,LSST.DP2,ivo://org.rubinobs/usdac/lsst-dp2?repo=dp2&id=019ed8bf-d734-7cbf-88b9-9be90b2bf8cc,https://data.lsst.cloud/api/datalink/links?ID=ivo%3A%2F%2Forg.rubinobs%2Flsst-dp2%3Frepo%3Ddp2%26id%3D019ed8bf-d734-7cbf-88b9-9be90b2bf8cc,application/x-votable+xml;content=datalink,,3300,3300,,,,,,,6.936e-07,8.188e-07,,i,phot.flux.density,,LSSTCam,,,9813,55,i,,deep_coadd - i - tract=9813 patch=55,150.16450512859046,2.3147632752090175,0.2592714953104852,POLYGON ICRS 150.072775 2.223089 150.256246 2.223099 150.256247 2.406432 150.072753 2.406421
image,lsst.deep_coadd,Rubin:Simonyi,3,,lsst_cells_v2-9813-56,LSST.DP2,ivo://org.rubinobs/usdac/lsst-dp2?repo=dp2&id=019ed8bf-c2c6-754c-8912-7ffde42396b5,https://data.lsst.cloud/api/datalink/links?ID=ivo%3A%2F%2Forg.rubinobs%2Flsst-dp2%3Frepo%3Ddp2%26id%3D019ed8bf-c2c6-754c-8912-7ffde42396b5,application/x-votable+xml;content=datalink,,3300,3300,,,,,,,6.936e-07,8.188e-07,,i,phot.flux.density,,LSSTCam,,,9813,56,i,,deep_coadd - i - tract=9813 patch=56,149.99770463188347,2.3147436751585255,0.2592691549091391,POLYGON ICRS 149.905986 2.223060 150.089454 2.223091 150.089434 2.406423 149.905943 2.406389
image,lsst.deep_coadd,Rubin:Simonyi,3,,lsst_cells_v2-9813-57,LSST.DP2,ivo://org.rubinobs/usdac/lsst-dp2?repo=dp2&id=019ed8bf-8f79-7a62-adf5-7ce54600de38,https://data.lsst.cloud/api/datalink/links?ID=ivo%3A%2F%2Forg.rubinobs%2Flsst-dp2%3Frepo%3Ddp2%26id%3D019ed8bf-8f79-7a62-adf5-7ce54600de38,application/x-votable+xml;content=datalink,,3300,3300,,,,,,,6.936e-07,8.188e-07,,i,phot.flux.density,,LSSTCam,,,9813,57,i,,deep_coadd - i - tract=9813 patch=57,149.83090837652205,2.3147044798215037,0.25926352408089004,POLYGON ICRS 149.739203 2.223012 149.922665 2.223064 149.922624 2.406393 149.739140 2.406337
image,lsst.deep_coadd,Rubin:Simonyi,3,,lsst_cells_v2-9813-58,LSST.DP2,ivo://org.rubinobs/usdac/lsst-dp2?repo=dp2&id=019ed8bf-7b24-7159-8e42-ee6285ee76cc,https://data.lsst.cloud/api/datalink/links?ID=ivo%3A%2F%2Forg.rubinobs%2Flsst-dp2%3Frepo%3Ddp2%26id%3D019ed8bf-7b24-7159-8e42-ee6285ee76cc,application/x-votable+xml;content=datalink,,3300,3300,,,,,,,6.936e-07,8.188e-07,,i,phot.flux.density,,LSSTCam,,,9813,58,i,,deep_coadd - i - tract=9813 patch=58,149.6641191892732,2.3146456921809064,0.2592546034235544,POLYGON ICRS 149.572429 2.222945 149.755881 2.223018 149.755820 2.406344 149.572345 2.406265
image,lsst.deep_coadd,Rubin:Simonyi,3,,lsst_cells_v2-9813-59,LSST.DP2,ivo://org.rubinobs/usdac/lsst-dp2?repo=dp2&id=019ed8c0-032e-7de4-b650-89315eef7397,https://data.lsst.cloud/api/datalink/links?ID=ivo%3A%2F%2Forg.rubinobs%2Flsst-dp2%3Frepo%3Ddp2%26id%3D019ed8c0-032e-7de4-b650-89315eef7397,application/x-votable+xml;content=datalink,,3300,3300,,,,,,,6.936e-07,8.188e-07,,i,phot.flux.density,,LSSTCam,,,9813,59,i,,deep_coadd - i - tract=9813 patch=59,149.49733989618773,2.3145673167197924,0.25924239384080866,POLYGON ICRS 149.405666 2.222859 149.589106 2.222953 149.589024 2.406273 149.405561 2.406172
image,lsst.deep_coadd,Rubin:Simonyi,3,,lsst_cells_v2-9813-60,LSST.DP2,ivo://org.rubinobs/usdac/lsst-dp2?repo=dp2&id=019ed8bf-ee16-7a26-a855-b04c9b248661,https://data.lsst.cloud/api/datalink/links?ID=ivo%3A%2F%2Forg.rubinobs%2Flsst-dp2%3Frepo%3Ddp2%26id%3D019ed8bf-ee16-7a26-a855-b04c9b248661,application/x-votable+xml;content=datalink,,3300,3300,,,,,,,6.936e-07,8.188e-07,,i,phot.flux.density,,LSSTCam,,,9813,60,i,,deep_coadd - i - tract=9813 patch=60,150.9985573553705,2.4812176186672232,0.2592436408509694,POLYGON ICRS 150.906781 2.389608 151.090241 2.389508 151.090347 2.572818 150.906863 2.572925
image,lsst.deep_coadd,Rubin:Simonyi,3,,lsst_cells_v2-9813-61,LSST.DP2,ivo://org.rubinobs/usdac/lsst-dp2?repo=dp2&id=019ed8bf-ba17-765c-ac89-008a7ff3428d,https://data.lsst.cloud/api/datalink/links?ID=ivo%3A%2F%2Forg.rubinobs%2Flsst-dp2%3Frepo%3Ddp2%26id%3D019ed8bf-ba17-765c-ac89-008a7ff3428d,application/x-votable+xml;content=datalink,,3300,3300,,,,,,,6.936e-07,8.188e-07,,i,phot.flux.density,,LSSTCam,,,9813,61,i,,deep_coadd - i - tract=9813 patch=61,150.83175915694625,2.4813016355804116,0.25925475255647495,POLYGON ICRS 150.739987 2.389678 150.923460 2.389600 150.923544 2.572917 150.740048 2.573001
image,lsst.deep_coadd,Rubin:Simonyi,3,,lsst_cells_v2-9813-62,LSST.DP2,ivo://org.rubinobs/usdac/lsst-dp2?repo=dp2&id=019ed8bf-2522-79b7-b6d0-22582db62ce9,https://data.lsst.cloud/api/datalink/links?ID=ivo%3A%2F%2Forg.rubinobs%2Flsst-dp2%3Frepo%3Ddp2%26id%3D019ed8bf-2522-79b7-b6d0-22582db62ce9,application/x-votable+xml;content=datalink,,3300,3300,,,,,,,6.936e-07,8.188e-07,,i,phot.flux.density,,LSSTCam,,,9813,62,i,,deep_coadd - i - tract=9813 patch=62,150.66495106193491,2.4813646529928275,0.2592625752139608,POLYGON ICRS 150.573184 2.389727 150.756667 2.389672 150.756730 2.572994 150.573225 2.573054
image,lsst.deep_coadd,Rubin:Simonyi,3,,lsst_cells_v2-9813-63,LSST.DP2,ivo://org.rubinobs/usdac/lsst-dp2?repo=dp2&id=019ed8bf-10c6-7f2a-921d-00497663c5a8,https://data.lsst.cloud/api/datalink/links?ID=ivo%3A%2F%2Forg.rubinobs%2Flsst-dp2%3Frepo%3Ddp2%26id%3D019ed8bf-10c6-7f2a-921d-00497663c5a8,application/x-votable+xml;content=datalink,,3300,3300,,,,,,,6.936e-07,8.188e-07,,i,phot.flux.density,,LSSTCam,,,9813,63,i,,deep_coadd - i - tract=9813 patch=63,150.49813589735203,2.4814066660978997,0.25926710826388466,POLYGON ICRS 150.406376 2.389757 150.589865 2.389723 150.589907 2.573050 150.406396 2.573086
image,lsst.deep_coadd,Rubin:Simonyi,3,,lsst_cells_v2-9813-64,LSST.DP2,ivo://org.rubinobs/usdac/lsst-dp2?repo=dp2&id=019ed8c0-0161-791e-9b18-b14f5718a627,https://data.lsst.cloud/api/datalink/links?ID=ivo%3A%2F%2Forg.rubinobs%2Flsst-dp2%3Frepo%3Ddp2%26id%3D019ed8c0-0161-791e-9b18-b14f5718a627,application/x-votable+xml;content=datalink,,3300,3300,,,,,,,6.936e-07,8.188e-07,,i,phot.flux.density,,LSSTCam,,,9813,64,i,,deep_coadd - i - tract=9813 patch=64,150.33131649092357,2.4814276717019315,0.25926915504153036,POLYGON ICRS 150.239566 2.389766 150.423057 2.389755 150.423079 2.573083 150.239564 2.573095
image,lsst.deep_coadd,Rubin:Simonyi,3,,lsst_cells_v2-9813-65,LSST.DP2,ivo://org.rubinobs/usdac/lsst-dp2?repo=dp2&id=019ed8bf-e539-7321-8ae0-e6fb54a00444,https://data.lsst.cloud/api/datalink/links?ID=ivo%3A%2F%2Forg.rubinobs%2Flsst-dp2%3Frepo%3Ddp2%26id%3D019ed8bf-e539-7321-8ae0-e6fb54a00444,application/x-votable+xml;content=datalink,,3300,3300,,,,,,,6.936e-07,8.188e-07,,i,phot.flux.density,,LSSTCam,,,9813,65,i,,deep_coadd - i - tract=9813 patch=65,150.1644956708097,2.4814276681992142,0.25926915490555014,POLYGON ICRS 150.072755 2.389755 150.256247 2.389766 150.256248 2.573095 150.072733 2.573083
image,lsst.deep_coadd,Rubin:Simonyi,3,,lsst_cells_v2-9813-66,LSST.DP2,ivo://org.rubinobs/usdac/lsst-dp2?repo=dp2&id=019ed8bf-501e-70a8-99ff-8cae5aacc2c8,https://data.lsst.cloud/api/datalink/links?ID=ivo%3A%2F%2Forg.rubinobs%2Flsst-dp2%3Frepo%3Ddp2%26id%3D019ed8bf-501e-70a8-99ff-8cae5aacc2c8,application/x-votable+xml;content=datalink,,3300,3300,,,,,,,6.936e-07,8.188e-07,,i,phot.flux.density,,LSSTCam,,,9813,66,i,,deep_coadd - i - tract=9813 patch=66,149.9976762653235,2.4814066555931737,0.2592671070348512,POLYGON ICRS 149.905947 2.389723 150.089436 2.389757 150.089416 2.573086 149.905905 2.573050
image,lsst.deep_coadd,Rubin:Simonyi,3,,lsst_cells_v2-9813-67,LSST.DP2,ivo://org.rubinobs/usdac/lsst-dp2?repo=dp2&id=019ed8bf-3ba4-7711-843c-83cc50890fa8,https://data.lsst.cloud/api/datalink/links?ID=ivo%3A%2F%2Forg.rubinobs%2Flsst-dp2%3Frepo%3Ddp2%26id%3D019ed8bf-3ba4-7711-843c-83cc50890fa8,application/x-votable+xml;content=datalink,,3300,3300,,,,,,,6.936e-07,8.188e-07,,i,phot.flux.density,,LSSTCam,,,9813,67,i,,deep_coadd - i - tract=9813 patch=67,149.8308611026255,2.481364635487884,0.2592625731542084,POLYGON ICRS 149.739146 2.389672 149.922628 2.389727 149.922587 2.573054 149.739082 2.572994
image,lsst.deep_coadd,Rubin:Simonyi,3,,lsst_cells_v2-9813-68,LSST.DP2,ivo://org.rubinobs/usdac/lsst-dp2?repo=dp2&id=019ed8bf-0f14-728b-8750-c9ebc91d6005,https://data.lsst.cloud/api/datalink/links?ID=ivo%3A%2F%2Forg.rubinobs%2Flsst-dp2%3Frepo%3Ddp2%26id%3D019ed8bf-0f14-728b-8750-c9ebc91d6005,application/x-votable+xml;content=datalink,,3300,3300,,,,,,,6.936e-07,8.188e-07,,i,phot.flux.density,,LSSTCam,,,9813,68,i,,deep_coadd - i - tract=9813 patch=68,149.6640530104445,2.4813016110730093,0.25925474939925824,POLYGON ICRS 149.572352 2.389600 149.755825 2.389678 149.755764 2.573001 149.572268 2.572917
image,lsst.deep_coadd,Rubin:Simonyi,3,,lsst_cells_v2-9813-69,LSST.DP2,ivo://org.rubinobs/usdac/lsst-dp2?repo=dp2&id=019ed8bf-95ef-7aed-892e-51e73f9b57a8,https://data.lsst.cloud/api/datalink/links?ID=ivo%3A%2F%2Forg.rubinobs%2Flsst-dp2%3Frepo%3Ddp2%26id%3D019ed8bf-95ef-7aed-892e-51e73f9b57a8,application/x-votable+xml;content=datalink,,3300,3300,,,,,,,6.936e-07,8.188e-07,,i,phot.flux.density,,LSSTCam,,,9813,69,i,,deep_coadd - i - tract=9813 patch=69,149.49725481579154,2.4812175871631155,0.2592436365928343,POLYGON ICRS 149.405571 2.389508 149.589031 2.389608 149.588949 2.572925 149.405466 2.572818
image,lsst.deep_coadd,Rubin:Simonyi,3,,lsst_cells_v2-9813-70,LSST.DP2,ivo://org.rubinobs/usdac/lsst-dp2?repo=dp2&id=019ed8bf-7aa2-74ab-8cae-ec9a0ddc0601,https://data.lsst.cloud/api/datalink/links?ID=ivo%3A%2F%2Forg.rubinobs%2Flsst-dp2%3Frepo%3Ddp2%26id%3D019ed8bf-7aa2-74ab-8cae-ec9a0ddc0601,application/x-votable+xml;content=datalink,,3300,3300,,,,,,,6.936e-07,8.188e-07,,i,phot.flux.density,,LSSTCam,,,9813,70,i,,deep_coadd - i - tract=9813 patch=70,150.99864244879498,2.6478636613286346,0.2592415933002166,POLYGON ICRS 150.906856 2.556260 151.090337 2.556153 151.090442 2.739457 150.906938 2.739572
image,lsst.deep_coadd,Rubin:Simonyi,3,,lsst_cells_v2-9813-71,LSST.DP2,ivo://org.rubinobs/usdac/lsst-dp2?repo=dp2&id=019ed8bf-4e5a-7a1e-ae12-5354dfb530c4,https://data.lsst.cloud/api/datalink/links?ID=ivo%3A%2F%2Forg.rubinobs%2Flsst-dp2%3Frepo%3Ddp2%26id%3D019ed8bf-4e5a-7a1e-ae12-5354dfb530c4,application/x-votable+xml;content=datalink,,3300,3300,,,,,,,6.936e-07,8.188e-07,,i,phot.flux.density,,LSSTCam,,,9813,71,i,,deep_coadd - i - tract=9813 patch=71,150.83182534451245,2.6479533257919874,0.25925160797318486,POLYGON ICRS 150.740043 2.556335 150.923536 2.556252 150.923621 2.739563 150.740104 2.739652
image,lsst.deep_coadd,Rubin:Simonyi,3,,lsst_cells_v2-9813-72,LSST.DP2,ivo://org.rubinobs/usdac/lsst-dp2?repo=dp2&id=019ed8bf-39e1-78bf-9f99-e6abdc2fb1ab,https://data.lsst.cloud/api/datalink/links?ID=ivo%3A%2F%2Forg.rubinobs%2Flsst-dp2%3Frepo%3Ddp2%26id%3D019ed8bf-39e1-78bf-9f99-e6abdc2fb1ab,application/x-votable+xml;content=datalink,,3300,3300,,,,,,,6.936e-07,8.188e-07,,i,phot.flux.density,,LSSTCam,,,9813,72,i,,deep_coadd - i - tract=9813 patch=72,150.66499834027283,2.6480205791815354,0.2592583338415406,POLYGON ICRS 150.573221 2.556388 150.756724 2.556329 150.756788 2.739645 150.573262 2.739709
image,lsst.deep_coadd,Rubin:Simonyi,3,,lsst_cells_v2-9813-73,LSST.DP2,ivo://org.rubinobs/usdac/lsst-dp2?repo=dp2&id=019ed8bf-c082-7ce9-930e-401e1f4c08ee,https://data.lsst.cloud/api/datalink/links?ID=ivo%3A%2F%2Forg.rubinobs%2Flsst-dp2%3Frepo%3Ddp2%26id%3D019ed8bf-c082-7ce9-930e-401e1f4c08ee,application/x-votable+xml;content=datalink,,3300,3300,,,,,,,6.936e-07,8.188e-07,,i,phot.flux.density,,LSSTCam,,,9813,73,i,,deep_coadd - i - tract=9813 patch=73,150.49816426405215,2.6480654163734823,0.2592625740261381,POLYGON ICRS 150.406394 2.556419 150.589904 2.556384 150.589946 2.739704 150.406414 2.739742
image,lsst.deep_coadd,Rubin:Simonyi,3,,lsst_cells_v2-9813-74,LSST.DP2,ivo://org.rubinobs/usdac/lsst-dp2?repo=dp2&id=019ed8bf-8d3f-7e8f-b5a6-be228ca63bbc,https://data.lsst.cloud/api/datalink/links?ID=ivo%3A%2F%2Forg.rubinobs%2Flsst-dp2%3Frepo%3Ddp2%26id%3D019ed8bf-8d3f-7e8f-b5a6-be228ca63bbc,application/x-votable+xml;content=datalink,,3300,3300,,,,,,,6.936e-07,8.188e-07,,i,phot.flux.density,,LSSTCam,,,9813,74,i,,deep_coadd - i - tract=9813 patch=74,150.3313259445492,2.6480878339571583,0.2592635238489346,POLYGON ICRS 150.239565 2.556429 150.423077 2.556417 150.423099 2.739740 150.239564 2.739753
image,lsst.deep_coadd,Rubin:Simonyi,3,,lsst_cells_v2-9813-75,LSST.DP2,ivo://org.rubinobs/usdac/lsst-dp2?repo=dp2&id=019ed8bf-78ef-75fd-95d7-88c0a5c0636a,https://data.lsst.cloud/api/datalink/links?ID=ivo%3A%2F%2Forg.rubinobs%2Flsst-dp2%3Frepo%3Ddp2%26id%3D019ed8bf-78ef-75fd-95d7-88c0a5c0636a,application/x-votable+xml;content=datalink,,3300,3300,,,,,,,6.936e-07,8.188e-07,,i,phot.flux.density,,LSSTCam,,,9813,75,i,,deep_coadd - i - tract=9813 patch=75,150.16448621088082,2.648087830221302,0.25926352408344766,POLYGON ICRS 150.072735 2.556417 150.256248 2.556429 150.256249 2.739753 150.072713 2.739740
image,lsst.deep_coadd,Rubin:Simonyi,3,,lsst_cells_v2-9813-76,LSST.DP2,ivo://org.rubinobs/usdac/lsst-dp2?repo=dp2&id=019ed8c0-00dc-76b0-b025-d82222d5abe6,https://data.lsst.cloud/api/datalink/links?ID=ivo%3A%2F%2Forg.rubinobs%2Flsst-dp2%3Frepo%3Ddp2%26id%3D019ed8c0-00dc-76b0-b025-d82222d5abe6,application/x-votable+xml;content=datalink,,3300,3300,,,,,,,6.936e-07,8.188e-07,,i,phot.flux.density,,LSSTCam,,,9813,76,i,,deep_coadd - i - tract=9813 patch=76,149.99764789231625,2.6480654051679133,0.25926257316267015,POLYGON ICRS 149.905909 2.556384 150.089418 2.556419 150.089398 2.739742 149.905866 2.739704
image,lsst.deep_coadd,Rubin:Simonyi,3,,lsst_cells_v2-9813-77,LSST.DP2,ivo://org.rubinobs/usdac/lsst-dp2?repo=dp2&id=019ed8bf-ebdd-7140-b5ae-f565332e2034,https://data.lsst.cloud/api/datalink/links?ID=ivo%3A%2F%2Forg.rubinobs%2Flsst-dp2%3Frepo%3Ddp2%26id%3D019ed8bf-ebdd-7140-b5ae-f565332e2034,application/x-votable+xml;content=datalink,,3300,3300,,,,,,,6.936e-07,8.188e-07,,i,phot.flux.density,,LSSTCam,,,9813,77,i,,deep_coadd - i - tract=9813 patch=77,149.83081381798482,2.648020560496999,0.2592583318800627,POLYGON ICRS 149.739088 2.556329 149.922591 2.556388 149.922550 2.739709 149.739024 2.739645
image,lsst.deep_coadd,Rubin:Simonyi,3,,lsst_cells_v2-9813-78,LSST.DP2,ivo://org.rubinobs/usdac/lsst-dp2?repo=dp2&id=019ed8bf-b7d6-78d1-8913-104498f08b2b,https://data.lsst.cloud/api/datalink/links?ID=ivo%3A%2F%2Forg.rubinobs%2Flsst-dp2%3Frepo%3Ddp2%26id%3D019ed8bf-b7d6-78d1-8913-104498f08b2b,application/x-votable+xml;content=datalink,,3300,3300,,,,,,,6.936e-07,8.188e-07,,i,phot.flux.density,,LSSTCam,,,9813,78,i,,deep_coadd - i - tract=9813 patch=78,149.6639868165804,2.6479532996342403,0.2592516051792447,POLYGON ICRS 149.572276 2.556252 149.755770 2.556335 149.755708 2.739652 149.572192 2.739562
image,lsst.deep_coadd,Rubin:Simonyi,3,,lsst_cells_v2-9813-79,LSST.DP2,ivo://org.rubinobs/usdac/lsst-dp2?repo=dp2&id=019ed8bf-a39d-7709-855f-1b9936ec1773,https://data.lsst.cloud/api/datalink/links?ID=ivo%3A%2F%2Forg.rubinobs%2Flsst-dp2%3Frepo%3Ddp2%26id%3D019ed8bf-a39d-7709-855f-1b9936ec1773,application/x-votable+xml;content=datalink,,3300,3300,,,,,,,6.936e-07,8.188e-07,,i,phot.flux.density,,LSSTCam,,,9813,79,i,,deep_coadd - i - tract=9813 patch=79,149.49716971606347,2.6478636277028302,0.25924158941646663,POLYGON ICRS 149.405475 2.556153 149.588957 2.556260 149.588874 2.739572 149.405370 2.739457
image,lsst.deep_coadd,Rubin:Simonyi,3,,lsst_cells_v2-9813-81,LSST.DP2,ivo://org.rubinobs/usdac/lsst-dp2?repo=dp2&id=019ed8bf-ff0c-7c63-9099-a39c24a7fcf4,https://data.lsst.cloud/api/datalink/links?ID=ivo%3A%2F%2Forg.rubinobs%2Flsst-dp2%3Frepo%3Ddp2%26id%3D019ed8bf-ff0c-7c63-9099-a39c24a7fcf4,application/x-votable+xml;content=datalink,,3300,3300,,,,,,,6.936e-07,8.188e-07,,i,phot.flux.density,,LSSTCam,,,9813,81,i,,deep_coadd - i - tract=9813 patch=81,150.8318915471159,2.814597966246087,0.25924517387958623,POLYGON ICRS 150.740098 2.722987 150.923613 2.722898 150.923697 2.906200 150.740160 2.906294
image,lsst.deep_coadd,Rubin:Simonyi,3,,lsst_cells_v2-9813-82,LSST.DP2,ivo://org.rubinobs/usdac/lsst-dp2?repo=dp2&id=019ed8bf-e307-7348-a477-f9167df4eaef,https://data.lsst.cloud/api/datalink/links?ID=ivo%3A%2F%2Forg.rubinobs%2Flsst-dp2%3Frepo%3Ddp2%26id%3D019ed8bf-e307-7348-a477-f9167df4eaef,application/x-votable+xml;content=datalink,,3300,3300,,,,,,,6.936e-07,8.188e-07,,i,phot.flux.density,,LSSTCam,,,9813,82,i,,deep_coadd - i - tract=9813 patch=82,150.66504562935282,2.814669455079169,0.2592516067804036,POLYGON ICRS 150.573258 2.723044 150.756782 2.722980 150.756845 2.906287 150.573299 2.906355
image,lsst.deep_coadd,Rubin:Simonyi,3,,lsst_cells_v2-9813-83,LSST.DP2,ivo://org.rubinobs/usdac/lsst-dp2?repo=dp2&id=019ed8bf-b627-7116-aef3-f3bc82b634b6,https://data.lsst.cloud/api/datalink/links?ID=ivo%3A%2F%2Forg.rubinobs%2Flsst-dp2%3Frepo%3Ddp2%26id%3D019ed8bf-b627-7116-aef3-f3bc82b634b6,application/x-votable+xml;content=datalink,,3300,3300,,,,,,,6.936e-07,8.188e-07,,i,phot.flux.density,,LSSTCam,,,9813,83,i,,deep_coadd - i - tract=9813 patch=83,150.49819263720553,2.8147171160035915,0.2592547498976367,POLYGON ICRS 150.406412 2.723077 150.589942 2.723039 150.589985 2.906350 150.406432 2.906390
image,lsst.deep_coadd,Rubin:Simonyi,3,,lsst_cells_v2-9813-84,LSST.DP2,ivo://org.rubinobs/usdac/lsst-dp2?repo=dp2&id=019ed8bf-a1e9-7933-a729-b93950c42e78,https://data.lsst.cloud/api/datalink/links?ID=ivo%3A%2F%2Forg.rubinobs%2Flsst-dp2%3Frepo%3Ddp2%26id%3D019ed8bf-a1e9-7933-a729-b93950c42e78,application/x-votable+xml;content=datalink,,3300,3300,,,,,,,6.936e-07,8.188e-07,,i,phot.flux.density,,LSSTCam,,,9813,84,i,,deep_coadd - i - tract=9813 patch=84,150.3313354003241,2.814740945387536,0.2592546028262355,POLYGON ICRS 150.239564 2.723087 150.423097 2.723075 150.423119 2.906388 150.239563 2.906401
image,lsst.deep_coadd,Rubin:Simonyi,3,,lsst_cells_v2-9813-85,LSST.DP2,ivo://org.rubinobs/usdac/lsst-dp2?repo=dp2&id=019ed8bf-0cd6-7fd5-a79f-73280282cc97,https://data.lsst.cloud/api/datalink/links?ID=ivo%3A%2F%2Forg.rubinobs%2Flsst-dp2%3Frepo%3Ddp2%26id%3D019ed8bf-0cd6-7fd5-a79f-73280282cc97,application/x-votable+xml;content=datalink,,3300,3300,,,,,,,6.936e-07,8.188e-07,,i,phot.flux.density,,LSSTCam,,,9813,85,i,,deep_coadd - i - tract=9813 patch=85,150.16447674879853,2.8147409414154936,0.2592546034231222,POLYGON ICRS 150.072715 2.723075 150.256249 2.723087 150.256250 2.906401 150.072693 2.906388
image,lsst.deep_coadd,Rubin:Simonyi,3,,lsst_cells_v2-9813-86,LSST.DP2,ivo://org.rubinobs/usdac/lsst-dp2?repo=dp2&id=019ed8c0-0eb0-7ce2-a8c8-685f67dc93f5,https://data.lsst.cloud/api/datalink/links?ID=ivo%3A%2F%2Forg.rubinobs%2Flsst-dp2%3Frepo%3Ddp2%26id%3D019ed8c0-0eb0-7ce2-a8c8-685f67dc93f5,application/x-votable+xml;content=datalink,,3300,3300,,,,,,,6.936e-07,8.188e-07,,i,phot.flux.density,,LSSTCam,,,9813,86,i,,deep_coadd - i - tract=9813 patch=86,149.99761951286266,2.8147171040878285,0.2592547494015528,POLYGON ICRS 149.905870 2.723039 150.089400 2.723077 150.089380 2.906390 149.905827 2.906350
image,lsst.deep_coadd,Rubin:Simonyi,3,,lsst_cells_v2-9813-87,LSST.DP2,ivo://org.rubinobs/usdac/lsst-dp2?repo=dp2&id=019ed8bf-e146-7bdd-a115-fbe38588c589,https://data.lsst.cloud/api/datalink/links?ID=ivo%3A%2F%2Forg.rubinobs%2Flsst-dp2%3Frepo%3Ddp2%26id%3D019ed8bf-e146-7bdd-a115-fbe38588c589,application/x-votable+xml;content=datalink,,3300,3300,,,,,,,6.936e-07,8.188e-07,,i,phot.flux.density,,LSSTCam,,,9813,87,i,,deep_coadd - i - tract=9813 patch=87,149.83076652260394,2.8146694352215618,0.2592516051923123,POLYGON ICRS 149.739030 2.722980 149.922554 2.723043 149.922514 2.906355 149.738967 2.906287
image,lsst.deep_coadd,Rubin:Simonyi,3,,lsst_cells_v2-9813-88,LSST.DP2,ivo://org.rubinobs/usdac/lsst-dp2?repo=dp2&id=019ed8bf-4c21-7546-ad74-1f84057344be,https://data.lsst.cloud/api/datalink/links?ID=ivo%3A%2F%2Forg.rubinobs%2Flsst-dp2%3Frepo%3Ddp2%26id%3D019ed8bf-4c21-7546-ad74-1f84057344be,application/x-votable+xml;content=datalink,,3300,3300,,,,,,,6.936e-07,8.188e-07,,i,phot.flux.density,,LSSTCam,,,9813,88,i,,deep_coadd - i - tract=9813 patch=88,149.66392060766586,2.814597938445731,0.25924517118691714,POLYGON ICRS 149.572199 2.722898 149.755714 2.722987 149.755652 2.906294 149.572115 2.906200
image,lsst.deep_coadd,Rubin:Simonyi,3,,lsst_cells_v2-9813-89,LSST.DP2,ivo://org.rubinobs/usdac/lsst-dp2?repo=dp2&id=019ed8bf-37a4-71a7-85a0-f9c36f5f2b11,https://data.lsst.cloud/api/datalink/links?ID=ivo%3A%2F%2Forg.rubinobs%2Flsst-dp2%3Frepo%3Ddp2%26id%3D019ed8bf-37a4-71a7-85a0-f9c36f5f2b11,application/x-votable+xml;content=datalink,,3300,3300,,,,,,,6.936e-07,8.188e-07,,i,phot.flux.density,,LSSTCam,,,9813,89,i,,deep_coadd - i - tract=9813 patch=89,149.497084596997,2.81450261920524,0.2592362526439848,POLYGON ICRS 149.405380 2.722793 149.588882 2.722907 149.588800 2.906210 149.405275 2.906088
image,lsst.deep_coadd,Rubin:Simonyi,3,,lsst_cells_v2-9813-92,LSST.DP2,ivo://org.rubinobs/usdac/lsst-dp2?repo=dp2&id=019ed8bf-76b6-7cbf-989e-a39fa24828fe,https://data.lsst.cloud/api/datalink/links?ID=ivo%3A%2F%2Forg.rubinobs%2Flsst-dp2%3Frepo%3Ddp2%26id%3D019ed8bf-76b6-7cbf-989e-a39fa24828fe,application/x-votable+xml;content=datalink,,3300,3300,,,,,,,6.936e-07,8.188e-07,,i,phot.flux.density,,LSSTCam,,,9813,92,i,,deep_coadd - i - tract=9813 patch=92,150.66509292918255,2.981308461758712,0.25924159064466035,POLYGON ICRS 150.573295 2.889691 150.756840 2.889623 150.756903 3.072918 150.573335 3.072989
image,lsst.deep_coadd,Rubin:Simonyi,3,,lsst_cells_v2-9813-93,LSST.DP2,ivo://org.rubinobs/usdac/lsst-dp2?repo=dp2&id=019ed8bf-4a65-7c94-815c-0cf00e6f9c22,https://data.lsst.cloud/api/datalink/links?ID=ivo%3A%2F%2Forg.rubinobs%2Flsst-dp2%3Frepo%3Ddp2%26id%3D019ed8bf-4a65-7c94-815c-0cf00e6f9c22,application/x-votable+xml;content=datalink,,3300,3300,,,,,,,6.936e-07,8.188e-07,,i,phot.flux.density,,LSSTCam,,,9813,93,i,,deep_coadd - i - tract=9813 patch=93,150.498221016804,2.981358945912807,0.2592436367246416,POLYGON ICRS 150.406430 2.889726 150.589981 2.889686 150.590024 3.072984 150.406450 3.073027
image,lsst.deep_coadd,Rubin:Simonyi,3,,lsst_cells_v2-9813-94,LSST.DP2,ivo://org.rubinobs/usdac/lsst-dp2?repo=dp2&id=019ed8bf-35f1-7c5b-92b5-f7470c7cbb11,https://data.lsst.cloud/api/datalink/links?ID=ivo%3A%2F%2Forg.rubinobs%2Flsst-dp2%3Frepo%3Ddp2%26id%3D019ed8bf-35f1-7c5b-92b5-f7470c7cbb11,application/x-votable+xml;content=datalink,,3300,3300,,,,,,,6.936e-07,8.188e-07,,i,phot.flux.density,,LSSTCam,,,9813,94,i,,deep_coadd - i - tract=9813 patch=94,150.3313448582482,2.981384186848762,0.25924239287969064,POLYGON ICRS 150.239563 2.889737 150.423117 2.889724 150.423139 3.073025 150.239562 3.073039
image,lsst.deep_coadd,Rubin:Simonyi,3,,lsst_cells_v2-9813-95,LSST.DP2,ivo://org.rubinobs/usdac/lsst-dp2?repo=dp2&id=019ed8bf-0256-7721-b1f4-3168ef939b8a,https://data.lsst.cloud/api/datalink/links?ID=ivo%3A%2F%2Forg.rubinobs%2Flsst-dp2%3Frepo%3Ddp2%26id%3D019ed8bf-0256-7721-b1f4-3168ef939b8a,application/x-votable+xml;content=datalink,,3300,3300,,,,,,,6.936e-07,8.188e-07,,i,phot.flux.density,,LSSTCam,,,9813,95,i,,deep_coadd - i - tract=9813 patch=95,150.1644672845665,2.98138418264375,0.2592423938446139,POLYGON ICRS 150.072695 2.889724 150.256249 2.889737 150.256251 3.073039 150.072674 3.073025
image,lsst.deep_coadd,Rubin:Simonyi,3,,lsst_cells_v2-9813-96,LSST.DP2,ivo://org.rubinobs/usdac/lsst-dp2?repo=dp2&id=019ed8bf-a16a-7b04-9438-0156f8e489f7,https://data.lsst.cloud/api/datalink/links?ID=ivo%3A%2F%2Forg.rubinobs%2Flsst-dp2%3Frepo%3Ddp2%26id%3D019ed8bf-a16a-7b04-9438-0156f8e489f7,application/x-votable+xml;content=datalink,,3300,3300,,,,,,,6.936e-07,8.188e-07,,i,phot.flux.density,,LSSTCam,,,9813,96,i,,deep_coadd - i - tract=9813 patch=96,149.99759112695335,2.981358933290965,0.2592436365885338,POLYGON ICRS 149.905831 2.889686 150.089382 2.889726 150.089362 3.073027 149.905788 3.072984
image,lsst.deep_coadd,Rubin:Simonyi,3,,lsst_cells_v2-9813-97,LSST.DP2,ivo://org.rubinobs/usdac/lsst-dp2?repo=dp2&id=019ed8bf-74fd-7c42-80c0-0be9d1a0cce4,https://data.lsst.cloud/api/datalink/links?ID=ivo%3A%2F%2Forg.rubinobs%2Flsst-dp2%3Frepo%3Ddp2%26id%3D019ed8bf-74fd-7c42-80c0-0be9d1a0cce4,application/x-votable+xml;content=datalink,,3300,3300,,,,,,,6.936e-07,8.188e-07,,i,phot.flux.density,,LSSTCam,,,9813,97,i,,deep_coadd - i - tract=9813 patch=97,149.83071921646453,2.981308440721795,0.259241589413592,POLYGON ICRS 149.738973 2.889623 149.922517 2.889691 149.922477 3.072989 149.738909 3.072918
image,lsst.deep_coadd,Rubin:Simonyi,3,,lsst_cells_v2-9813-98,LSST.DP2,ivo://org.rubinobs/usdac/lsst-dp2?repo=dp2&id=019ed8bf-60cf-71fc-b445-f639bd4bc4be,https://data.lsst.cloud/api/datalink/links?ID=ivo%3A%2F%2Forg.rubinobs%2Flsst-dp2%3Frepo%3Ddp2%26id%3D019ed8bf-60cf-71fc-b445-f639bd4bc4be,application/x-votable+xml;content=datalink,,3300,3300,,,,,,,6.936e-07,8.188e-07,,i,phot.flux.density,,LSSTCam,,,9813,98,i,,deep_coadd - i - tract=9813 patch=98,149.6638543837056,2.9812327087807415,0.25923625264115857,POLYGON ICRS 149.572123 2.889536 149.755658 2.889631 149.755597 3.072926 149.572038 3.072825
image,lsst.deep_coadd,Rubin:Simonyi,3,,lsst_cells_v2-9813-99,LSST.DP2,ivo://org.rubinobs/usdac/lsst-dp2?repo=dp2&id=019ed8bf-2d3c-7fe5-9790-643473d11e9e,https://data.lsst.cloud/api/datalink/links?ID=ivo%3A%2F%2Forg.rubinobs%2Flsst-dp2%3Frepo%3Ddp2%26id%3D019ed8bf-2d3c-7fe5-9790-643473d11e9e,application/x-votable+xml;content=datalink,,3300,3300,,,,,,,6.936e-07,8.188e-07,,i,phot.flux.density,,LSSTCam,,,9813,99,i,,deep_coadd - i - tract=9813 patch=99,149.49699945858362,2.981131743237527,0.259227626951077,POLYGON ICRS 149.405284 2.889425 149.588807 2.889546 149.588725 3.072836 149.405179 3.072707
image,lsst.deep_coadd,Rubin:Simonyi,3,,lsst_cells_v2-9814-9,LSST.DP2,ivo://org.rubinobs/usdac/lsst-dp2?repo=dp2&id=019ed8bf-1ab4-77bf-9c66-185bc092d4c2,https://data.lsst.cloud/api/datalink/links?ID=ivo%3A%2F%2Forg.rubinobs%2Flsst-dp2%3Frepo%3Ddp2%26id%3D019ed8bf-1ab4-77bf-9c66-185bc092d4c2,application/x-votable+xml;content=datalink,,3300,3300,,,,,,,6.936e-07,8.188e-07,,i,phot.flux.density,,LSSTCam,,,9814,9,i,,deep_coadd - i - tract=9814 patch=9,150.98536831419744,1.4813511999258373,0.2592276303738736,POLYGON ICRS 150.893746 1.389677 151.077082 1.389735 151.077000 1.573025 150.893642 1.572959
image,lsst.deep_coadd,Rubin:Simonyi,3,,lsst_cells_v2-9814-19,LSST.DP2,ivo://org.rubinobs/usdac/lsst-dp2?repo=dp2&id=019ed8bf-1040-7e92-ac24-a6efaba3eede,https://data.lsst.cloud/api/datalink/links?ID=ivo%3A%2F%2Forg.rubinobs%2Flsst-dp2%3Frepo%3Ddp2%26id%3D019ed8bf-1040-7e92-ac24-a6efaba3eede,application/x-votable+xml;content=datalink,,3300,3300,,,,,,,6.936e-07,8.188e-07,,i,phot.flux.density,,LSSTCam,,,9814,19,i,,deep_coadd - i - tract=9814 patch=19,150.98528333036538,1.6479803277540592,0.2592362549674542,POLYGON ICRS 150.893651 1.556296 151.077008 1.556361 151.076926 1.739663 150.893546 1.739590
image,lsst.deep_coadd,Rubin:Simonyi,3,,lsst_cells_v2-9814-28,LSST.DP2,ivo://org.rubinobs/usdac/lsst-dp2?repo=dp2&id=019ed8bf-ed09-7d1a-8a57-91318fae7f19,https://data.lsst.cloud/api/datalink/links?ID=ivo%3A%2F%2Forg.rubinobs%2Flsst-dp2%3Frepo%3Ddp2%26id%3D019ed8bf-ed09-7d1a-8a57-91318fae7f19,application/x-votable+xml;content=datalink,,3300,3300,,,,,,,6.936e-07,8.188e-07,,i,phot.flux.density,,LSSTCam,,,9814,28,i,,deep_coadd - i - tract=9814 patch=28,151.15192094136498,1.8146807525247848,0.259251606774555,POLYGON ICRS 151.060262 1.722993 151.243652 1.723049 151.243590 1.906366 151.060178 1.906304
image,lsst.deep_coadd,Rubin:Simonyi,3,,lsst_cells_v2-9814-29,LSST.DP2,ivo://org.rubinobs/usdac/lsst-dp2?repo=dp2&id=019ed8bf-bffb-7f3b-8539-9f28668f4f26,https://data.lsst.cloud/api/datalink/links?ID=ivo%3A%2F%2Forg.rubinobs%2Flsst-dp2%3Frepo%3Ddp2%26id%3D019ed8bf-bffb-7f3b-8539-9f28668f4f26,application/x-votable+xml;content=datalink,,3300,3300,,,,,,,6.936e-07,8.188e-07,,i,phot.flux.density,,LSSTCam,,,9814,29,i,,deep_coadd - i - tract=9814 patch=29,150.98519832723056,1.814619322104653,0.2592415906450399,POLYGON ICRS 150.893556 1.722927 151.076933 1.722999 151.076851 1.906310 150.893451 1.906230
image,lsst.deep_coadd,Rubin:Simonyi,3,,lsst_cells_v2-9814-38,LSST.DP2,ivo://org.rubinobs/usdac/lsst-dp2?repo=dp2&id=019ed8bf-8092-77cb-851e-5d21163c688c,https://data.lsst.cloud/api/datalink/links?ID=ivo%3A%2F%2Forg.rubinobs%2Flsst-dp2%3Frepo%3Ddp2%26id%3D019ed8bf-8092-77cb-851e-5d21163c688c,application/x-votable+xml;content=datalink,,3300,3300,,,,,,,6.936e-07,8.188e-07,,i,phot.flux.density,,LSSTCam,,,9814,38,i,,deep_coadd - i - tract=9814 patch=38,151.15185480761886,1.9813324429813695,0.25925474990212927,POLYGON ICRS 151.060185 1.889639 151.243596 1.889701 151.243535 2.073023 151.060101 2.072956
image,lsst.deep_coadd,Rubin:Simonyi,3,,lsst_cells_v2-9814-39,LSST.DP2,ivo://org.rubinobs/usdac/lsst-dp2?repo=dp2&id=019ed8bf-4d4c-7c0e-9b3d-2b3944b85e0b,https://data.lsst.cloud/api/datalink/links?ID=ivo%3A%2F%2Forg.rubinobs%2Flsst-dp2%3Frepo%3Ddp2%26id%3D019ed8bf-4d4c-7c0e-9b3d-2b3944b85e0b,application/x-votable+xml;content=datalink,,3300,3300,,,,,,,6.936e-07,8.188e-07,,i,phot.flux.density,,LSSTCam,,,9814,39,i,,deep_coadd - i - tract=9814 patch=39,150.98511330479565,1.9812653645463736,0.2592436367234358,POLYGON ICRS 150.893460 1.889566 151.076859 1.889645 151.076776 2.072963 150.893355 2.072876
image,lsst.deep_coadd,Rubin:Simonyi,3,,lsst_cells_v2-9814-48,LSST.DP2,ivo://org.rubinobs/usdac/lsst-dp2?repo=dp2&id=019ed8bf-7630-7004-bd0f-4b1c0174b647,https://data.lsst.cloud/api/datalink/links?ID=ivo%3A%2F%2Forg.rubinobs%2Flsst-dp2%3Frepo%3Ddp2%26id%3D019ed8bf-7630-7004-bd0f-4b1c0174b647,application/x-votable+xml;content=datalink,,3300,3300,,,,,,,6.936e-07,8.188e-07,,i,phot.flux.density,,LSSTCam,,,9814,48,i,,deep_coadd - i - tract=9814 patch=48,151.15178865885218,2.1479883628158025,0.25925460282463136,POLYGON ICRS 151.060109 2.056291 151.243540 2.056358 151.243479 2.239684 151.060025 2.239611
image,lsst.deep_coadd,Rubin:Simonyi,3,,lsst_cells_v2-9814-49,LSST.DP2,ivo://org.rubinobs/usdac/lsst-dp2?repo=dp2&id=019ed8bf-61fb-7bb4-b208-0462f386dbee,https://data.lsst.cloud/api/datalink/links?ID=ivo%3A%2F%2Forg.rubinobs%2Flsst-dp2%3Frepo%3Ddp2%26id%3D019ed8bf-61fb-7bb4-b208-0462f386dbee,application/x-votable+xml;content=datalink,,3300,3300,,,,,,,6.936e-07,8.188e-07,,i,phot.flux.density,,LSSTCam,,,9814,49,i,,deep_coadd - i - tract=9814 patch=49,150.98502826304426,2.147915635940791,0.25924239287775475,POLYGON ICRS 150.893365 2.056211 151.076784 2.056297 151.076702 2.239618 150.893260 2.239524
image,lsst.deep_coadd,Rubin:Simonyi,3,,lsst_cells_v2-9814-58,LSST.DP2,ivo://org.rubinobs/usdac/lsst-dp2?repo=dp2&id=019ed8bf-222f-7fb3-9c43-f665f951e8c8,https://data.lsst.cloud/api/datalink/links?ID=ivo%3A%2F%2Forg.rubinobs%2Flsst-dp2%3Frepo%3Ddp2%26id%3D019ed8bf-222f-7fb3-9c43-f665f951e8c8,application/x-votable+xml;content=datalink,,3300,3300,,,,,,,6.936e-07,8.188e-07,,i,phot.flux.density,,LSSTCam,,,9814,58,i,,deep_coadd - i - tract=9814 patch=58,151.15172249505807,2.3146456921846883,0.2592546034185977,POLYGON ICRS 151.060032 2.222945 151.243484 2.223018 151.243423 2.406344 151.059948 2.406265
image,lsst.deep_coadd,Rubin:Simonyi,3,,lsst_cells_v2-9814-59,LSST.DP2,ivo://org.rubinobs/usdac/lsst-dp2?repo=dp2&id=019ed8c0-12ee-7cd7-8939-5611ba6ef885,https://data.lsst.cloud/api/datalink/links?ID=ivo%3A%2F%2Forg.rubinobs%2Flsst-dp2%3Frepo%3Ddp2%26id%3D019ed8c0-12ee-7cd7-8939-5611ba6ef885,application/x-votable+xml;content=datalink,,3300,3300,,,,,,,6.936e-07,8.188e-07,,i,phot.flux.density,,LSSTCam,,,9814,59,i,,deep_coadd - i - tract=9814 patch=59,150.98494320197176,2.314567316717467,0.2592423938456244,POLYGON ICRS 150.893269 2.222859 151.076709 2.222953 151.076627 2.406273 150.893164 2.406172
image,lsst.deep_coadd,Rubin:Simonyi,3,,lsst_cells_v2-9814-69,LSST.DP2,ivo://org.rubinobs/usdac/lsst-dp2?repo=dp2&id=019ed8bf-9e9c-7ef6-aa2d-678c15e84f9c,https://data.lsst.cloud/api/datalink/links?ID=ivo%3A%2F%2Forg.rubinobs%2Flsst-dp2%3Frepo%3Ddp2%26id%3D019ed8bf-9e9c-7ef6-aa2d-678c15e84f9c,application/x-votable+xml;content=datalink,,3300,3300,,,,,,,6.936e-07,8.188e-07,,i,phot.flux.density,,LSSTCam,,,9814,69,i,,deep_coadd - i - tract=9814 patch=69,150.9848581215751,2.4812175871632065,0.259243636594888,POLYGON ICRS 150.893174 2.389508 151.076635 2.389608 151.076552 2.572925 150.893069 2.572818
image,lsst.deep_coadd,Rubin:Simonyi,3,,lsst_cells_v2-9814-79,LSST.DP2,ivo://org.rubinobs/usdac/lsst-dp2?repo=dp2&id=019ed8bf-32a8-7b5e-8131-e574bac92af1,https://data.lsst.cloud/api/datalink/links?ID=ivo%3A%2F%2Forg.rubinobs%2Flsst-dp2%3Frepo%3Ddp2%26id%3D019ed8bf-32a8-7b5e-8131-e574bac92af1,application/x-votable+xml;content=datalink,,3300,3300,,,,,,,6.936e-07,8.188e-07,,i,phot.flux.density,,LSSTCam,,,9814,79,i,,deep_coadd - i - tract=9814 patch=79,150.9847730218483,2.64786362770282,0.2592415894168856,POLYGON ICRS 150.893079 2.556153 151.076560 2.556260 151.076478 2.739572 150.892973 2.739457
image,lsst.deep_coadd,Rubin:Simonyi,3,,lsst_cells_v2-10054-0,LSST.DP2,ivo://org.rubinobs/usdac/lsst-dp2?repo=dp2&id=019ed8bf-a02e-723f-be25-1a3d74a23034,https://data.lsst.cloud/api/datalink/links?ID=ivo%3A%2F%2Forg.rubinobs%2Flsst-dp2%3Frepo%3Ddp2%26id%3D019ed8bf-a02e-723f-be25-1a3d74a23034,application/x-votable+xml;content=datalink,,3300,3300,,,,,,,6.936e-07,8.188e-07,,i,phot.flux.density,,LSSTCam,,,10054,0,i,,deep_coadd - i - tract=10054 patch=0,149.51120101636957,2.9688269250709354,0.2592276335284701,POLYGON ICRS 149.419367 2.877240 149.602880 2.877119 149.603055 3.060401 149.419504 3.060530
image,lsst.deep_coadd,Rubin:Simonyi,3,,lsst_cells_v2-10055-2,LSST.DP2,ivo://org.rubinobs/usdac/lsst-dp2?repo=dp2&id=019ed8bf-6830-776e-a39b-6266472cfe33,https://data.lsst.cloud/api/datalink/links?ID=ivo%3A%2F%2Forg.rubinobs%2Flsst-dp2%3Frepo%3Ddp2%26id%3D019ed8bf-6830-776e-a39b-6266472cfe33,application/x-votable+xml;content=datalink,,3300,3300,,,,,,,6.936e-07,8.188e-07,,i,phot.flux.density,,LSSTCam,,,10055,2,i,,deep_coadd - i - tract=10055 patch=2,150.66508827792686,2.969002875770924,0.25924159452788026,POLYGON ICRS 150.573278 2.877384 150.756813 2.877317 150.756919 3.060611 150.573345 3.060682
image,lsst.deep_coadd,Rubin:Simonyi,3,,lsst_cells_v2-10055-3,LSST.DP2,ivo://org.rubinobs/usdac/lsst-dp2?repo=dp2&id=019ed8bf-ef5e-774d-9940-30677dbe6da9,https://data.lsst.cloud/api/datalink/links?ID=ivo%3A%2F%2Forg.rubinobs%2Flsst-dp2%3Frepo%3Ddp2%26id%3D019ed8bf-ef5e-774d-9940-30677dbe6da9,application/x-votable+xml;content=datalink,,3300,3300,,,,,,,6.936e-07,8.188e-07,,i,phot.flux.density,,LSSTCam,,,10055,3,i,,deep_coadd - i - tract=10055 patch=3,150.49821822607575,2.96905315135035,0.25924364098022884,POLYGON ICRS 150.406422 2.877419 150.589963 2.877379 150.590034 3.060677 150.406455 3.060720
image,lsst.deep_coadd,Rubin:Simonyi,3,,lsst_cells_v2-10055-4,LSST.DP2,ivo://org.rubinobs/usdac/lsst-dp2?repo=dp2&id=019ed8bf-da9f-7f68-b413-cbf9e3fe81db,https://data.lsst.cloud/api/datalink/links?ID=ivo%3A%2F%2Forg.rubinobs%2Flsst-dp2%3Frepo%3Ddp2%26id%3D019ed8bf-da9f-7f68-b413-cbf9e3fe81db,application/x-votable+xml;content=datalink,,3300,3300,,,,,,,6.936e-07,8.188e-07,,i,phot.flux.density,,LSSTCam,,,10055,4,i,,deep_coadd - i - tract=10055 patch=4,150.33134392819937,2.9690782880010227,0.2592423974942123,POLYGON ICRS 150.239563 2.877430 150.423108 2.877416 150.423144 3.060717 150.239561 3.060732
image,lsst.deep_coadd,Rubin:Simonyi,3,,lsst_cells_v2-10055-5,LSST.DP2,ivo://org.rubinobs/usdac/lsst-dp2?repo=dp2&id=019ed8bf-ae04-7e99-836b-9328a6f094d2,https://data.lsst.cloud/api/datalink/links?ID=ivo%3A%2F%2Forg.rubinobs%2Flsst-dp2%3Frepo%3Ddp2%26id%3D019ed8bf-ae04-7e99-836b-9328a6f094d2,application/x-votable+xml;content=datalink,,3300,3300,,,,,,,6.936e-07,8.188e-07,,i,phot.flux.density,,LSSTCam,,,10055,5,i,,deep_coadd - i - tract=10055 patch=5,150.16446821523948,2.969078283810877,0.2592423984608338,POLYGON ICRS 150.072705 2.877416 150.256249 2.877430 150.256251 3.060732 150.072668 3.060717
image,lsst.deep_coadd,Rubin:Simonyi,3,,lsst_cells_v2-10055-6,LSST.DP2,ivo://org.rubinobs/usdac/lsst-dp2?repo=dp2&id=019ed8bf-7ab3-74ac-8a2e-725a310fa932,https://data.lsst.cloud/api/datalink/links?ID=ivo%3A%2F%2Forg.rubinobs%2Flsst-dp2%3Frepo%3Ddp2%26id%3D019ed8bf-7ab3-74ac-8a2e-725a310fa932,application/x-votable+xml;content=datalink,,3300,3300,,,,,,,6.936e-07,8.188e-07,,i,phot.flux.density,,LSSTCam,,,10055,6,i,,deep_coadd - i - tract=10055 patch=6,149.99759391829951,2.969053138779774,0.2592436408403816,POLYGON ICRS 149.905849 2.877379 150.089390 2.877419 150.089357 3.060720 149.905778 3.060677
image,lsst.deep_coadd,Rubin:Simonyi,3,,lsst_cells_v2-10055-7,LSST.DP2,ivo://org.rubinobs/usdac/lsst-dp2?repo=dp2&id=019ed8bf-6683-7817-8a23-e55182884c1b,https://data.lsst.cloud/api/datalink/links?ID=ivo%3A%2F%2Forg.rubinobs%2Flsst-dp2%3Frepo%3Ddp2%26id%3D019ed8bf-6683-7817-8a23-e55182884c1b,application/x-votable+xml;content=datalink,,3300,3300,,,,,,,6.936e-07,8.188e-07,,i,phot.flux.density,,LSSTCam,,,10055,7,i,,deep_coadd - i - tract=10055 patch=7,149.83072386833945,2.9690028548211735,0.2592415932968255,POLYGON ICRS 149.738999 2.877317 149.922534 2.877384 149.922467 3.060682 149.738894 3.060611
image,lsst.deep_coadd,Rubin:Simonyi,3,,lsst_cells_v2-10055-8,LSST.DP2,ivo://org.rubinobs/usdac/lsst-dp2?repo=dp2&id=019ed8bf-eda8-7a85-a8d5-b4ba75ca6461,https://data.lsst.cloud/api/datalink/links?ID=ivo%3A%2F%2Forg.rubinobs%2Flsst-dp2%3Frepo%3Ddp2%26id%3D019ed8bf-eda8-7a85-a8d5-b4ba75ca6461,application/x-votable+xml;content=datalink,,3300,3300,,,,,,,6.936e-07,8.188e-07,,i,phot.flux.density,,LSSTCam,,,10055,8,i,,deep_coadd - i - tract=10055 patch=8,149.66386089587905,2.9689274357699964,0.2592362561635473,POLYGON ICRS 149.572158 2.877230 149.755684 2.877324 149.755582 3.060619 149.572018 3.060519
image,lsst.deep_coadd,Rubin:Simonyi,3,,lsst_cells_v2-10055-9,LSST.DP2,ivo://org.rubinobs/usdac/lsst-dp2?repo=dp2&id=019ed8bf-d8da-7d2d-a38d-0c08ddd8629e,https://data.lsst.cloud/api/datalink/links?ID=ivo%3A%2F%2Forg.rubinobs%2Flsst-dp2%3Frepo%3Ddp2%26id%3D019ed8bf-d8da-7d2d-a38d-0c08ddd8629e,application/x-votable+xml;content=datalink,,3300,3300,,,,,,,6.936e-07,8.188e-07,,i,phot.flux.density,,LSSTCam,,,10055,9,i,,deep_coadd - i - tract=10055 patch=9,149.49700783071663,2.9688268873684085,0.2592276303731569,POLYGON ICRS 149.405329 2.877119 149.588842 2.877240 149.588705 3.060529 149.405153 3.060401
image,lsst.deep_coadd,Rubin:Simonyi,3,,lsst_cells_v2-10055-13,LSST.DP2,ivo://org.rubinobs/usdac/lsst-dp2?repo=dp2&id=019ed8bf-ebf2-7261-aaa5-ec386a5e8d54,https://data.lsst.cloud/api/datalink/links?ID=ivo%3A%2F%2Forg.rubinobs%2Flsst-dp2%3Frepo%3Ddp2%26id%3D019ed8bf-ebf2-7261-aaa5-ec386a5e8d54,application/x-votable+xml;content=datalink,,3300,3300,,,,,,,6.936e-07,8.188e-07,,i,phot.flux.density,,LSSTCam,,,10055,13,i,,deep_coadd - i - tract=10055 patch=13,150.49826551724448,3.1356949807378798,0.2592547530502784,POLYGON ICRS 150.406452 3.044056 150.590028 3.044013 150.590099 3.227324 150.406485 3.227369
image,lsst.deep_coadd,Rubin:Simonyi,3,,lsst_cells_v2-10055-14,LSST.DP2,ivo://org.rubinobs/usdac/lsst-dp2?repo=dp2&id=019ed8bf-6e95-77da-ab96-3e2054a5741e,https://data.lsst.cloud/api/datalink/links?ID=ivo%3A%2F%2Forg.rubinobs%2Flsst-dp2%3Frepo%3Ddp2%26id%3D019ed8bf-6e95-77da-ab96-3e2054a5741e,application/x-votable+xml;content=datalink,,3300,3300,,,,,,,6.936e-07,8.188e-07,,i,phot.flux.density,,LSSTCam,,,10055,14,i,,deep_coadd - i - tract=10055 patch=14,150.3313596886815,3.135721532744731,0.25925460635140163,POLYGON ICRS 150.239562 3.044067 150.423141 3.044053 150.423177 3.227366 150.239560 3.227381
image,lsst.deep_coadd,Rubin:Simonyi,3,,lsst_cells_v2-10055-15,LSST.DP2,ivo://org.rubinobs/usdac/lsst-dp2?repo=dp2&id=019ed8bf-3b35-7a08-b228-4e64d099cfed,https://data.lsst.cloud/api/datalink/links?ID=ivo%3A%2F%2Forg.rubinobs%2Flsst-dp2%3Frepo%3Ddp2%26id%3D019ed8bf-3b35-7a08-b228-4e64d099cfed,application/x-votable+xml;content=datalink,,3300,3300,,,,,,,6.936e-07,8.188e-07,,i,phot.flux.density,,LSSTCam,,,10055,15,i,,deep_coadd - i - tract=10055 patch=15,150.16445244424455,3.1357215283207474,0.259254606946143,POLYGON ICRS 150.072671 3.044053 150.256251 3.044067 150.256252 3.227381 150.072635 3.227366
image,lsst.deep_coadd,Rubin:Simonyi,3,,lsst_cells_v2-10055-16,LSST.DP2,ivo://org.rubinobs/usdac/lsst-dp2?repo=dp2&id=019ed8bf-26bf-776e-99e7-ca108f785c5c,https://data.lsst.cloud/api/datalink/links?ID=ivo%3A%2F%2Forg.rubinobs%2Flsst-dp2%3Frepo%3Ddp2%26id%3D019ed8bf-26bf-776e-99e7-ca108f785c5c,application/x-votable+xml;content=datalink,,3300,3300,,,,,,,6.936e-07,8.188e-07,,i,phot.flux.density,,LSSTCam,,,10055,16,i,,deep_coadd - i - tract=10055 patch=16,149.99754661662593,3.13569496745828,0.25925475255367725,POLYGON ICRS 149.905784 3.044013 150.089360 3.044056 150.089327 3.227369 149.905713 3.227324
image,lsst.deep_coadd,Rubin:Simonyi,3,,lsst_cells_v2-10055-17,LSST.DP2,ivo://org.rubinobs/usdac/lsst-dp2?repo=dp2&id=019ed8c0-1776-7713-b92b-80ba462509a2,https://data.lsst.cloud/api/datalink/links?ID=ivo%3A%2F%2Forg.rubinobs%2Flsst-dp2%3Frepo%3Ddp2%26id%3D019ed8c0-1776-7713-b92b-80ba462509a2,application/x-votable+xml;content=datalink,,3300,3300,,,,,,,6.936e-07,8.188e-07,,i,phot.flux.density,,LSSTCam,,,10055,17,i,,deep_coadd - i - tract=10055 patch=17,149.83064503839768,3.1356418521862994,0.2592516079749431,POLYGON ICRS 149.738903 3.043947 149.922473 3.044018 149.922405 3.227329 149.738797 3.227254
