dataproduct_type,dataproduct_subtype,facility_name,calib_level,target_name,obs_id,obs_collection,obs_publisher_did,access_url,access_format,s_resolution,s_xel1,s_xel2,t_xel,t_min,t_max,t_exptime,t_resolution,em_xel,em_min,em_max,em_res_power,em_filter_name,o_ucd,pol_xel,instrument_name,lsst_visit,lsst_detector,lsst_tract,lsst_patch,lsst_band,lsst_filter,obs_title,s_ra,s_dec,s_fov,s_region
image,lsst.deep_coadd,Rubin:Simonyi,3,,lsst_cells_v2-4848-40,LSST.DP2,ivo://org.rubinobs/usdac/lsst-dp2?repo=dp2&id=019ed8bf-34f1-75ef-b051-ef0ea2cc1d9c,https://data.lsst.cloud/api/datalink/links?ID=ivo%3A%2F%2Forg.rubinobs%2Flsst-dp2%3Frepo%3Ddp2%26id%3D019ed8bf-34f1-75ef-b051-ef0ea2cc1d9c,application/x-votable+xml;content=datalink,,3300,3300,,,,,,,6.936e-07,8.188e-07,,i,phot.flux.density,,LSSTCam,,,4848,40,i,,deep_coadd - i - tract=4848 patch=40,53.00770989384058,-29.088839066329818,0.25924239750160805,POLYGON ICRS 52.903503 -29.181124 53.113442 -29.179784 53.111733 -28.996477 52.902165 -28.997807
image,lsst.deep_coadd,Rubin:Simonyi,3,,lsst_cells_v2-4848-41,LSST.DP2,ivo://org.rubinobs/usdac/lsst-dp2?repo=dp2&id=019ed8bf-bb8d-7781-8951-5c96e58d09f1,https://data.lsst.cloud/api/datalink/links?ID=ivo%3A%2F%2Forg.rubinobs%2Flsst-dp2%3Frepo%3Ddp2%26id%3D019ed8bf-bb8d-7781-8951-5c96e58d09f1,application/x-votable+xml;content=datalink,,3300,3300,,,,,,,6.936e-07,8.188e-07,,i,phot.flux.density,,LSSTCam,,,4848,41,i,,deep_coadd - i - tract=4848 patch=41,52.81701650903898,-29.089917767910197,0.25925460635217673,POLYGON ICRS 52.712630 -29.182058 52.922589 -29.181016 52.921218 -28.997700 52.711631 -28.998734
image,lsst.deep_coadd,Rubin:Simonyi,3,,lsst_cells_v2-4848-42,LSST.DP2,ivo://org.rubinobs/usdac/lsst-dp2?repo=dp2&id=019ed8bf-884f-7242-8997-c8f0709d47ba,https://data.lsst.cloud/api/datalink/links?ID=ivo%3A%2F%2Forg.rubinobs%2Flsst-dp2%3Frepo%3Ddp2%26id%3D019ed8bf-884f-7242-8997-c8f0709d47ba,application/x-votable+xml;content=datalink,,3300,3300,,,,,,,6.936e-07,8.188e-07,,i,phot.flux.density,,LSSTCam,,,4848,42,i,,deep_coadd - i - tract=4848 patch=42,52.626308335024845,-29.090726862148607,0.25926352627146704,POLYGON ICRS 52.521746 -29.182721 52.731718 -29.181977 52.730685 -28.998654 52.521085 -28.999393
image,lsst.deep_coadd,Rubin:Simonyi,3,,lsst_cells_v2-4848-43,LSST.DP2,ivo://org.rubinobs/usdac/lsst-dp2?repo=dp2&id=019ed8bf-7400-7531-87e9-5daee24da080,https://data.lsst.cloud/api/datalink/links?ID=ivo%3A%2F%2Forg.rubinobs%2Flsst-dp2%3Frepo%3Ddp2%26id%3D019ed8bf-7400-7531-87e9-5daee24da080,application/x-votable+xml;content=datalink,,3300,3300,,,,,,,6.936e-07,8.188e-07,,i,phot.flux.density,,LSSTCam,,,4848,43,i,,deep_coadd - i - tract=4848 patch=43,52.43558959608884,-29.09126628107817,0.25926915637045905,POLYGON ICRS 52.330853 -29.183114 52.540835 -29.182667 52.540141 -28.999339 52.330531 -28.999782
image,lsst.deep_coadd,Rubin:Simonyi,3,,lsst_cells_v2-4848-50,LSST.DP2,ivo://org.rubinobs/usdac/lsst-dp2?repo=dp2&id=019ed8bf-ddf6-73d2-9786-cf6e3ee9b2ad,https://data.lsst.cloud/api/datalink/links?ID=ivo%3A%2F%2Forg.rubinobs%2Flsst-dp2%3Frepo%3Ddp2%26id%3D019ed8bf-ddf6-73d2-9786-cf6e3ee9b2ad,application/x-votable+xml;content=datalink,,3300,3300,,,,,,,6.936e-07,8.188e-07,,i,phot.flux.density,,LSSTCam,,,4848,50,i,,deep_coadd - i - tract=4848 patch=50,53.00632700819476,-28.922191750406892,0.2592423984616097,POLYGON ICRS 52.902286 -29.014473 53.111888 -29.013142 53.110184 -28.829835 52.900953 -28.831156
image,lsst.deep_coadd,Rubin:Simonyi,3,,lsst_cells_v2-4848-51,LSST.DP2,ivo://org.rubinobs/usdac/lsst-dp2?repo=dp2&id=019ed8bf-48df-7e52-bfac-6893fc58b8b4,https://data.lsst.cloud/api/datalink/links?ID=ivo%3A%2F%2Forg.rubinobs%2Flsst-dp2%3Frepo%3Ddp2%26id%3D019ed8bf-48df-7e52-bfac-6893fc58b8b4,application/x-votable+xml;content=datalink,,3300,3300,,,,,,,6.936e-07,8.188e-07,,i,phot.flux.density,,LSSTCam,,,4848,51,i,,deep_coadd - i - tract=4848 patch=51,52.81594084752504,-28.923263078904178,0.25925460695248903,POLYGON ICRS 52.711722 -29.015400 52.921342 -29.014365 52.919975 -28.831049 52.710726 -28.832076
image,lsst.deep_coadd,Rubin:Simonyi,3,,lsst_cells_v2-4848-52,LSST.DP2,ivo://org.rubinobs/usdac/lsst-dp2?repo=dp2&id=019ed8bf-346c-7d95-b659-06dc7b23e384,https://data.lsst.cloud/api/datalink/links?ID=ivo%3A%2F%2Forg.rubinobs%2Flsst-dp2%3Frepo%3Ddp2%26id%3D019ed8bf-346c-7d95-b659-06dc7b23e384,application/x-votable+xml;content=datalink,,3300,3300,,,,,,,6.936e-07,8.188e-07,,i,phot.flux.density,,LSSTCam,,,4848,52,i,,deep_coadd - i - tract=4848 patch=52,52.62553996901428,-28.924066642753,0.25926352650394213,POLYGON ICRS 52.521145 -29.016059 52.730779 -29.015319 52.729750 -28.831996 52.520487 -28.832730
image,lsst.deep_coadd,Rubin:Simonyi,3,,lsst_cells_v2-4848-53,LSST.DP2,ivo://org.rubinobs/usdac/lsst-dp2?repo=dp2&id=019ed8bf-07db-7894-8384-c857bccd1fb9,https://data.lsst.cloud/api/datalink/links?ID=ivo%3A%2F%2Forg.rubinobs%2Flsst-dp2%3Frepo%3Ddp2%26id%3D019ed8bf-07db-7894-8384-c857bccd1fb9,application/x-votable+xml;content=datalink,,3300,3300,,,,,,,6.936e-07,8.188e-07,,i,phot.flux.density,,LSSTCam,,,4848,53,i,,deep_coadd - i - tract=4848 patch=53,52.43512857657034,-28.924602374562944,0.2592691562337414,POLYGON ICRS 52.330560 -29.016449 52.540204 -29.016005 52.539512 -28.832677 52.330240 -28.833117
image,lsst.deep_coadd,Rubin:Simonyi,3,,lsst_cells_v2-4848-54,LSST.DP2,ivo://org.rubinobs/usdac/lsst-dp2?repo=dp2&id=019ed8c0-09b8-7248-b19b-f48cad80189a,https://data.lsst.cloud/api/datalink/links?ID=ivo%3A%2F%2Forg.rubinobs%2Flsst-dp2%3Frepo%3Ddp2%26id%3D019ed8c0-09b8-7248-b19b-f48cad80189a,application/x-votable+xml;content=datalink,,3300,3300,,,,,,,6.936e-07,8.188e-07,,i,phot.flux.density,,LSSTCam,,,4848,54,i,,deep_coadd - i - tract=4848 patch=54,52.24471087549446,-28.92487022937774,0.259271495809806,POLYGON ICRS 52.139971 -29.016570 52.349619 -29.016422 52.349265 -28.833090 52.139988 -28.833237
image,lsst.deep_coadd,Rubin:Simonyi,3,,lsst_cells_v2-4848-60,LSST.DP2,ivo://org.rubinobs/usdac/lsst-dp2?repo=dp2&id=019ed8bf-71c9-7608-8503-328184cf347a,https://data.lsst.cloud/api/datalink/links?ID=ivo%3A%2F%2Forg.rubinobs%2Flsst-dp2%3Frepo%3Ddp2%26id%3D019ed8bf-71c9-7608-8503-328184cf347a,application/x-votable+xml;content=datalink,,3300,3300,,,,,,,6.936e-07,8.188e-07,,i,phot.flux.density,,LSSTCam,,,4848,60,i,,deep_coadd - i - tract=4848 patch=60,53.00494857192881,-28.755545830685545,0.25924364084604745,POLYGON ICRS 52.901074 -28.847821 53.110338 -28.846499 53.108639 -28.663195 52.899745 -28.664507
image,lsst.deep_coadd,Rubin:Simonyi,3,,lsst_cells_v2-4848-61,LSST.DP2,ivo://org.rubinobs/usdac/lsst-dp2?repo=dp2&id=019ed8bf-456f-7c78-b213-e2e34f73db0e,https://data.lsst.cloud/api/datalink/links?ID=ivo%3A%2F%2Forg.rubinobs%2Flsst-dp2%3Frepo%3Ddp2%26id%3D019ed8bf-456f-7c78-b213-e2e34f73db0e,application/x-votable+xml;content=datalink,,3300,3300,,,,,,,6.936e-07,8.188e-07,,i,phot.flux.density,,LSSTCam,,,4848,61,i,,deep_coadd - i - tract=4848 patch=61,52.81486864720271,-28.75660979181592,0.2592547525521488,POLYGON ICRS 52.710817 -28.848742 52.920099 -28.847714 52.918737 -28.664401 52.709824 -28.665421
image,lsst.deep_coadd,Rubin:Simonyi,3,,lsst_cells_v2-4848-62,LSST.DP2,ivo://org.rubinobs/usdac/lsst-dp2?repo=dp2&id=019ed8bf-30fa-7464-97ba-c34e59f66178,https://data.lsst.cloud/api/datalink/links?ID=ivo%3A%2F%2Forg.rubinobs%2Flsst-dp2%3Frepo%3Ddp2%26id%3D019ed8bf-30fa-7464-97ba-c34e59f66178,application/x-votable+xml;content=datalink,,3300,3300,,,,,,,6.936e-07,8.188e-07,,i,phot.flux.density,,LSSTCam,,,4848,62,i,,deep_coadd - i - tract=4848 patch=62,52.62477407556855,-28.757407829579936,0.25926257521903706,POLYGON ICRS 52.520547 -28.849396 52.729843 -28.848662 52.728817 -28.665341 52.519891 -28.666070
image,lsst.deep_coadd,Rubin:Simonyi,3,,lsst_cells_v2-4848-63,LSST.DP2,ivo://org.rubinobs/usdac/lsst-dp2?repo=dp2&id=019ed8bf-b0b4-7eef-85b3-2a1bafb77c15,https://data.lsst.cloud/api/datalink/links?ID=ivo%3A%2F%2Forg.rubinobs%2Flsst-dp2%3Frepo%3Ddp2%26id%3D019ed8bf-b0b4-7eef-85b3-2a1bafb77c15,application/x-votable+xml;content=datalink,,3300,3300,,,,,,,6.936e-07,8.188e-07,,i,phot.flux.density,,LSSTCam,,,4848,63,i,,deep_coadd - i - tract=4848 patch=63,52.43466904066186,-28.757939877123654,0.25926710826881155,POLYGON ICRS 52.330269 -28.849783 52.539574 -28.849343 52.538885 -28.666017 52.329949 -28.666455
image,lsst.deep_coadd,Rubin:Simonyi,3,,lsst_cells_v2-4848-64,LSST.DP2,ivo://org.rubinobs/usdac/lsst-dp2?repo=dp2&id=019ed8bf-9c74-7d81-83cf-13f393c50128,https://data.lsst.cloud/api/datalink/links?ID=ivo%3A%2F%2Forg.rubinobs%2Flsst-dp2%3Frepo%3Ddp2%26id%3D019ed8bf-9c74-7d81-83cf-13f393c50128,application/x-votable+xml;content=datalink,,3300,3300,,,,,,,6.936e-07,8.188e-07,,i,phot.flux.density,,LSSTCam,,,4848,64,i,,deep_coadd - i - tract=4848 patch=64,52.244557727525475,-28.758205889872528,0.2592691550400382,POLYGON ICRS 52.139987 -28.849903 52.349297 -28.849757 52.348944 -28.666428 52.140004 -28.666574
image,lsst.deep_coadd,Rubin:Simonyi,3,,lsst_cells_v2-4848-65,LSST.DP2,ivo://org.rubinobs/usdac/lsst-dp2?repo=dp2&id=019ed8bf-700c-7f90-b357-aa62963fe4e1,https://data.lsst.cloud/api/datalink/links?ID=ivo%3A%2F%2Forg.rubinobs%2Flsst-dp2%3Frepo%3Ddp2%26id%3D019ed8bf-700c-7f90-b357-aa62963fe4e1,application/x-votable+xml;content=datalink,,3300,3300,,,,,,,6.936e-07,8.188e-07,,i,phot.flux.density,,LSSTCam,,,4848,65,i,,deep_coadd - i - tract=4848 patch=65,52.05444432201434,-28.758205845527662,0.259269154905432,POLYGON ICRS 51.949705 -28.849756 52.159015 -28.849903 52.158998 -28.666574 51.950058 -28.666428
image,lsst.deep_coadd,Rubin:Simonyi,3,,lsst_cells_v2-4848-70,LSST.DP2,ivo://org.rubinobs/usdac/lsst-dp2?repo=dp2&id=019ed8bf-0598-7afd-9bb0-6b7a028b6659,https://data.lsst.cloud/api/datalink/links?ID=ivo%3A%2F%2Forg.rubinobs%2Flsst-dp2%3Frepo%3Ddp2%26id%3D019ed8bf-0598-7afd-9bb0-6b7a028b6659,application/x-votable+xml;content=datalink,,3300,3300,,,,,,,6.936e-07,8.188e-07,,i,phot.flux.density,,LSSTCam,,,4848,70,i,,deep_coadd - i - tract=4848 patch=70,53.003574563594455,-28.58890412681303,0.2592415933008557,POLYGON ICRS 52.899866 -28.681171 53.108794 -28.679859 53.107100 -28.496561 52.898541 -28.497864
image,lsst.deep_coadd,Rubin:Simonyi,3,,lsst_cells_v2-4848-71,LSST.DP2,ivo://org.rubinobs/usdac/lsst-dp2?repo=dp2&id=019ed8c0-0787-75e5-a79d-0ba37142e7a3,https://data.lsst.cloud/api/datalink/links?ID=ivo%3A%2F%2Forg.rubinobs%2Flsst-dp2%3Frepo%3Ddp2%26id%3D019ed8c0-0787-75e5-a79d-0ba37142e7a3,application/x-votable+xml;content=datalink,,3300,3300,,,,,,,6.936e-07,8.188e-07,,i,phot.flux.density,,LSSTCam,,,4848,71,i,,deep_coadd - i - tract=4848 patch=71,52.813799891409204,-28.58996072655219,0.2592516079696562,POLYGON ICRS 52.709914 -28.682086 52.918860 -28.681065 52.917502 -28.497758 52.708925 -28.498772
image,lsst.deep_coadd,Rubin:Simonyi,3,,lsst_cells_v2-4848-72,LSST.DP2,ivo://org.rubinobs/usdac/lsst-dp2?repo=dp2&id=019ed8bf-d9d6-7f04-ac90-4fe0e7dff796,https://data.lsst.cloud/api/datalink/links?ID=ivo%3A%2F%2Forg.rubinobs%2Flsst-dp2%3Frepo%3Ddp2%26id%3D019ed8bf-d9d6-7f04-ac90-4fe0e7dff796,application/x-votable+xml;content=datalink,,3300,3300,,,,,,,6.936e-07,8.188e-07,,i,phot.flux.density,,LSSTCam,,,4848,72,i,,deep_coadd - i - tract=4848 patch=72,52.624010642773264,-28.59075324271869,0.2592583338346942,POLYGON ICRS 52.519950 -28.682736 52.728910 -28.682007 52.727887 -28.498693 52.519296 -28.499416
image,lsst.deep_coadd,Rubin:Simonyi,3,,lsst_cells_v2-4848-73,LSST.DP2,ivo://org.rubinobs/usdac/lsst-dp2?repo=dp2&id=019ed8bf-c553-754e-ae14-37e0e1516bad,https://data.lsst.cloud/api/datalink/links?ID=ivo%3A%2F%2Forg.rubinobs%2Flsst-dp2%3Frepo%3Ddp2%26id%3D019ed8bf-c553-754e-ae14-37e0e1516bad,application/x-votable+xml;content=datalink,,3300,3300,,,,,,,6.936e-07,8.188e-07,,i,phot.flux.density,,LSSTCam,,,4848,73,i,,deep_coadd - i - tract=4848 patch=73,52.43421098120737,-28.59128160899333,0.2592625740222751,POLYGON ICRS 52.329978 -28.683121 52.538947 -28.682683 52.538260 -28.499364 52.329660 -28.499798
image,lsst.deep_coadd,Rubin:Simonyi,3,,lsst_cells_v2-4848-74,LSST.DP2,ivo://org.rubinobs/usdac/lsst-dp2?repo=dp2&id=019ed8bf-3072-75ca-8146-4db047f8c3db,https://data.lsst.cloud/api/datalink/links?ID=ivo%3A%2F%2Forg.rubinobs%2Flsst-dp2%3Frepo%3Ddp2%26id%3D019ed8bf-3072-75ca-8146-4db047f8c3db,application/x-votable+xml;content=datalink,,3300,3300,,,,,,,6.936e-07,8.188e-07,,i,phot.flux.density,,LSSTCam,,,4848,74,i,,deep_coadd - i - tract=4848 patch=74,52.24440507161807,-28.59154578116268,0.25926352385286683,POLYGON ICRS 52.140002 -28.683240 52.348976 -28.683094 52.348624 -28.499772 52.140019 -28.499916
image,lsst.deep_coadd,Rubin:Simonyi,3,,lsst_cells_v2-4848-75,LSST.DP2,ivo://org.rubinobs/usdac/lsst-dp2?repo=dp2&id=019ed8be-fcd5-76dd-949b-d9a392aba50d,https://data.lsst.cloud/api/datalink/links?ID=ivo%3A%2F%2Forg.rubinobs%2Flsst-dp2%3Frepo%3Ddp2%26id%3D019ed8be-fcd5-76dd-949b-d9a392aba50d,application/x-votable+xml;content=datalink,,3300,3300,,,,,,,6.936e-07,8.188e-07,,i,phot.flux.density,,LSSTCam,,,4848,75,i,,deep_coadd - i - tract=4848 patch=75,52.05459707972558,-28.591545737125514,0.25926352408247766,POLYGON ICRS 51.950026 -28.683094 52.159000 -28.683240 52.158983 -28.499916 51.950379 -28.499772
image,lsst.deep_coadd,Rubin:Simonyi,3,,lsst_cells_v2-4848-76,LSST.DP2,ivo://org.rubinobs/usdac/lsst-dp2?repo=dp2&id=019ed8c0-05d4-7d26-9b2c-7aeda1e4c84f,https://data.lsst.cloud/api/datalink/links?ID=ivo%3A%2F%2Forg.rubinobs%2Flsst-dp2%3Frepo%3Ddp2%26id%3D019ed8c0-05d4-7d26-9b2c-7aeda1e4c84f,application/x-votable+xml;content=datalink,,3300,3300,,,,,,,6.936e-07,8.188e-07,,i,phot.flux.density,,LSSTCam,,,4848,76,i,,deep_coadd - i - tract=4848 patch=76,51.86479117152787,-28.59128147688545,0.25926257316026013,POLYGON ICRS 51.760055 -28.682683 51.969024 -28.683120 51.969343 -28.499798 51.760743 -28.499364
image,lsst.deep_coadd,Rubin:Simonyi,3,,lsst_cells_v2-4848-80,LSST.DP2,ivo://org.rubinobs/usdac/lsst-dp2?repo=dp2&id=019ed8bf-1360-7ca8-9910-d6fc3c1ff40f,https://data.lsst.cloud/api/datalink/links?ID=ivo%3A%2F%2Forg.rubinobs%2Flsst-dp2%3Frepo%3Ddp2%26id%3D019ed8bf-1360-7ca8-9910-d6fc3c1ff40f,application/x-votable+xml;content=datalink,,3300,3300,,,,,,,6.936e-07,8.188e-07,,i,phot.flux.density,,LSSTCam,,,4848,80,i,,deep_coadd - i - tract=4848 patch=80,53.002204961897185,-28.4222694579919,0.25923625616693435,POLYGON ICRS 52.898662 -28.514528 53.107254 -28.513224 53.105566 -28.329936 52.897341 -28.331229
image,lsst.deep_coadd,Rubin:Simonyi,3,,lsst_cells_v2-4848-81,LSST.DP2,ivo://org.rubinobs/usdac/lsst-dp2?repo=dp2&id=019ed8c0-0412-79aa-b962-b226c4909910,https://data.lsst.cloud/api/datalink/links?ID=ivo%3A%2F%2Forg.rubinobs%2Flsst-dp2%3Frepo%3Ddp2%26id%3D019ed8c0-0412-79aa-b962-b226c4909910,application/x-votable+xml;content=datalink,,3300,3300,,,,,,,6.936e-07,8.188e-07,,i,phot.flux.density,,LSSTCam,,,4848,81,i,,deep_coadd - i - tract=4848 patch=81,52.81273456356304,-28.423318702586993,0.2592451738695692,POLYGON ICRS 52.709015 -28.515436 52.917625 -28.514422 52.916272 -28.331125 52.708029 -28.332131
image,lsst.deep_coadd,Rubin:Simonyi,3,,lsst_cells_v2-4848-82,LSST.DP2,ivo://org.rubinobs/usdac/lsst-dp2?repo=dp2&id=019ed8bf-6dde-7c9e-9626-993eddefb22b,https://data.lsst.cloud/api/datalink/links?ID=ivo%3A%2F%2Forg.rubinobs%2Flsst-dp2%3Frepo%3Ddp2%26id%3D019ed8bf-6dde-7c9e-9626-993eddefb22b,application/x-votable+xml;content=datalink,,3300,3300,,,,,,,6.936e-07,8.188e-07,,i,phot.flux.density,,LSSTCam,,,4848,82,i,,deep_coadd - i - tract=4848 patch=82,52.62324965878134,-28.424105701825468,0.25925160678204157,POLYGON ICRS 52.519356 -28.516081 52.727980 -28.515357 52.726961 -28.332052 52.518704 -28.332771
image,lsst.deep_coadd,Rubin:Simonyi,3,,lsst_cells_v2-4848-83,LSST.DP2,ivo://org.rubinobs/usdac/lsst-dp2?repo=dp2&id=019ed8bf-59a4-7b60-a02a-da451ea91e36,https://data.lsst.cloud/api/datalink/links?ID=ivo%3A%2F%2Forg.rubinobs%2Flsst-dp2%3Frepo%3Ddp2%26id%3D019ed8bf-59a4-7b60-a02a-da451ea91e36,application/x-votable+xml;content=datalink,,3300,3300,,,,,,,6.936e-07,8.188e-07,,i,phot.flux.density,,LSSTCam,,,4848,83,i,,deep_coadd - i - tract=4848 patch=83,52.43375439110293,-28.42463038995186,0.2592547498958673,POLYGON ICRS 52.329689 -28.516463 52.538322 -28.516029 52.537637 -28.332719 52.329371 -28.333150
image,lsst.deep_coadd,Rubin:Simonyi,3,,lsst_cells_v2-4848-84,LSST.DP2,ivo://org.rubinobs/usdac/lsst-dp2?repo=dp2&id=019ed8bf-260b-7ee9-8550-cd105d1df57f,https://data.lsst.cloud/api/datalink/links?ID=ivo%3A%2F%2Forg.rubinobs%2Flsst-dp2%3Frepo%3Ddp2%26id%3D019ed8bf-260b-7ee9-8550-cd105d1df57f,application/x-votable+xml;content=datalink,,3300,3300,,,,,,,6.936e-07,8.188e-07,,i,phot.flux.density,,LSSTCam,,,4848,84,i,,deep_coadd - i - tract=4848 patch=84,52.24425290541077,-28.42489272311201,0.2592546028214692,POLYGON ICRS 52.140018 -28.516582 52.348656 -28.516437 52.348305 -28.333124 52.140034 -28.333268
image,lsst.deep_coadd,Rubin:Simonyi,3,,lsst_cells_v2-4848-85,LSST.DP2,ivo://org.rubinobs/usdac/lsst-dp2?repo=dp2&id=019ed8bf-119e-7b2c-9011-3091b334bd9d,https://data.lsst.cloud/api/datalink/links?ID=ivo%3A%2F%2Forg.rubinobs%2Flsst-dp2%3Frepo%3Ddp2%26id%3D019ed8bf-119e-7b2c-9011-3091b334bd9d,application/x-votable+xml;content=datalink,,3300,3300,,,,,,,6.936e-07,8.188e-07,,i,phot.flux.density,,LSSTCam,,,4848,85,i,,deep_coadd - i - tract=4848 patch=85,52.05474934741617,-28.424892679378882,0.259254603427529,POLYGON ICRS 51.950347 -28.516437 52.158985 -28.516582 52.158968 -28.333268 51.950698 -28.333124
image,lsst.deep_coadd,Rubin:Simonyi,3,,lsst_cells_v2-4848-86,LSST.DP2,ivo://org.rubinobs/usdac/lsst-dp2?repo=dp2&id=019ed8bf-9877-7ecb-9753-ee4f845109d2,https://data.lsst.cloud/api/datalink/links?ID=ivo%3A%2F%2Forg.rubinobs%2Flsst-dp2%3Frepo%3Ddp2%26id%3D019ed8bf-9877-7ecb-9753-ee4f845109d2,application/x-votable+xml;content=datalink,,3300,3300,,,,,,,6.936e-07,8.188e-07,,i,phot.flux.density,,LSSTCam,,,4848,86,i,,deep_coadd - i - tract=4848 patch=86,51.865247863102304,-28.424630258762253,0.25925474940052345,POLYGON ICRS 51.760680 -28.516029 51.969314 -28.516463 51.969631 -28.333150 51.761366 -28.332719
image,lsst.deep_coadd,Rubin:Simonyi,3,,lsst_cells_v2-4848-90,LSST.DP2,ivo://org.rubinobs/usdac/lsst-dp2?repo=dp2&id=019ed8bf-c31c-731d-aebc-fd62d018d66e,https://data.lsst.cloud/api/datalink/links?ID=ivo%3A%2F%2Forg.rubinobs%2Flsst-dp2%3Frepo%3Ddp2%26id%3D019ed8bf-c31c-731d-aebc-fd62d018d66e,application/x-votable+xml;content=datalink,,3300,3300,,,,,,,6.936e-07,8.188e-07,,i,phot.flux.density,,LSSTCam,,,4848,90,i,,deep_coadd - i - tract=4848 patch=90,53.00083974567274,-28.2556446427115,0.2592276303746948,POLYGON ICRS 52.897461 -28.347892 53.105719 -28.346598 53.104037 -28.163322 52.896145 -28.164606
image,lsst.deep_coadd,Rubin:Simonyi,3,,lsst_cells_v2-4848-91,LSST.DP2,ivo://org.rubinobs/usdac/lsst-dp2?repo=dp2&id=019ed8bf-96c0-705f-aab7-cff5ba7371a6,https://data.lsst.cloud/api/datalink/links?ID=ivo%3A%2F%2Forg.rubinobs%2Flsst-dp2%3Frepo%3Ddp2%26id%3D019ed8bf-96c0-705f-aab7-cff5ba7371a6,application/x-votable+xml;content=datalink,,3300,3300,,,,,,,6.936e-07,8.188e-07,,i,phot.flux.density,,LSSTCam,,,4848,91,i,,deep_coadd - i - tract=4848 patch=91,52.81167264719715,-28.256686538658897,0.2592362549704981,POLYGON ICRS 52.708118 -28.348794 52.916395 -28.347788 52.915045 -28.164502 52.707135 -28.165501
image,lsst.deep_coadd,Rubin:Simonyi,3,,lsst_cells_v2-4848-92,LSST.DP2,ivo://org.rubinobs/usdac/lsst-dp2?repo=dp2&id=019ed8bf-7b76-71b3-afed-749fe0b356d6,https://data.lsst.cloud/api/datalink/links?ID=ivo%3A%2F%2Forg.rubinobs%2Flsst-dp2%3Frepo%3Ddp2%26id%3D019ed8bf-7b76-71b3-afed-749fe0b356d6,application/x-votable+xml;content=datalink,,3300,3300,,,,,,,6.936e-07,8.188e-07,,i,phot.flux.density,,LSSTCam,,,4848,92,i,,deep_coadd - i - tract=4848 patch=92,52.62249111184465,-28.257468025852837,0.2592415906451154,POLYGON ICRS 52.518763 -28.349435 52.727053 -28.348716 52.726037 -28.165424 52.518113 -28.166137
image,lsst.deep_coadd,Rubin:Simonyi,3,,lsst_cells_v2-4848-93,LSST.DP2,ivo://org.rubinobs/usdac/lsst-dp2?repo=dp2&id=019ed8c0-0388-70a9-990e-292ceba084eb,https://data.lsst.cloud/api/datalink/links?ID=ivo%3A%2F%2Forg.rubinobs%2Flsst-dp2%3Frepo%3Ddp2%26id%3D019ed8c0-0388-70a9-990e-292ceba084eb,application/x-votable+xml;content=datalink,,3300,3300,,,,,,,6.936e-07,8.188e-07,,i,phot.flux.density,,LSSTCam,,,4848,93,i,,deep_coadd - i - tract=4848 patch=93,52.43329926329011,-28.257989039080197,0.2592436367237339,POLYGON ICRS 52.329400 -28.349814 52.537699 -28.349383 52.537016 -28.166085 52.329083 -28.166513
image,lsst.deep_coadd,Rubin:Simonyi,3,,lsst_cells_v2-4848-94,LSST.DP2,ivo://org.rubinobs/usdac/lsst-dp2?repo=dp2&id=019ed8bf-d5bf-71c8-b8f4-d1f04fb56af8,https://data.lsst.cloud/api/datalink/links?ID=ivo%3A%2F%2Forg.rubinobs%2Flsst-dp2%3Frepo%3Ddp2%26id%3D019ed8bf-d5bf-71c8-b8f4-d1f04fb56af8,application/x-votable+xml;content=datalink,,3300,3300,,,,,,,6.936e-07,8.188e-07,,i,phot.flux.density,,LSSTCam,,,4848,94,i,,deep_coadd - i - tract=4848 patch=94,52.24410122654245,-28.25824953485335,0.2592423928789007,POLYGON ICRS 52.140033 -28.349932 52.348336 -28.349788 52.347987 -28.166488 52.140049 -28.166630
image,lsst.deep_coadd,Rubin:Simonyi,3,,lsst_cells_v2-4848-95,LSST.DP2,ivo://org.rubinobs/usdac/lsst-dp2?repo=dp2&id=019ed8bf-c160-7d6a-9539-91208cff7348,https://data.lsst.cloud/api/datalink/links?ID=ivo%3A%2F%2Forg.rubinobs%2Flsst-dp2%3Frepo%3Ddp2%26id%3D019ed8bf-c160-7d6a-9539-91208cff7348,application/x-votable+xml;content=datalink,,3300,3300,,,,,,,6.936e-07,8.188e-07,,i,phot.flux.density,,LSSTCam,,,4848,95,i,,deep_coadd - i - tract=4848 patch=95,52.05490112743708,-28.258249491428987,0.25924239384726216,POLYGON ICRS 51.950666 -28.349788 52.158970 -28.349932 52.158953 -28.166630 51.951016 -28.166487
image,lsst.deep_coadd,Rubin:Simonyi,3,,lsst_cells_v2-4848-96,LSST.DP2,ivo://org.rubinobs/usdac/lsst-dp2?repo=dp2&id=019ed8bf-8e14-788c-a3e1-2e559bc39787,https://data.lsst.cloud/api/datalink/links?ID=ivo%3A%2F%2Forg.rubinobs%2Flsst-dp2%3Frepo%3Ddp2%26id%3D019ed8bf-8e14-788c-a3e1-2e559bc39787,application/x-votable+xml;content=datalink,,3300,3300,,,,,,,6.936e-07,8.188e-07,,i,phot.flux.density,,LSSTCam,,,4848,96,i,,deep_coadd - i - tract=4848 patch=96,51.86570309206168,-28.257988908810233,0.25924363659382527,POLYGON ICRS 51.761303 -28.349383 51.969602 -28.349814 51.969919 -28.166513 51.761987 -28.166085
image,lsst.deep_coadd,Rubin:Simonyi,3,,lsst_cells_v2-4849-46,LSST.DP2,ivo://org.rubinobs/usdac/lsst-dp2?repo=dp2&id=019ed8bf-c291-7fa8-a5cb-90e97ffc4c6f,https://data.lsst.cloud/api/datalink/links?ID=ivo%3A%2F%2Forg.rubinobs%2Flsst-dp2%3Frepo%3Ddp2%26id%3D019ed8bf-c291-7fa8-a5cb-90e97ffc4c6f,application/x-votable+xml;content=datalink,,3300,3300,,,,,,,6.936e-07,8.188e-07,,i,phot.flux.density,,LSSTCam,,,4849,46,i,,deep_coadd - i - tract=4849 patch=46,53.545655240923516,-29.091266146208856,0.25926915503970227,POLYGON ICRS 53.440410 -29.182667 53.650392 -29.183114 53.650714 -28.999782 53.441104 -28.999339
image,lsst.deep_coadd,Rubin:Simonyi,3,,lsst_cells_v2-4849-47,LSST.DP2,ivo://org.rubinobs/usdac/lsst-dp2?repo=dp2&id=019ed8bf-2db9-752d-af6e-f16400186e21,https://data.lsst.cloud/api/datalink/links?ID=ivo%3A%2F%2Forg.rubinobs%2Flsst-dp2%3Frepo%3Ddp2%26id%3D019ed8bf-2db9-752d-af6e-f16400186e21,application/x-votable+xml;content=datalink,,3300,3300,,,,,,,6.936e-07,8.188e-07,,i,phot.flux.density,,LSSTCam,,,4849,47,i,,deep_coadd - i - tract=4849 patch=47,53.354936504803106,-29.090726637376772,0.25926352384928314,POLYGON ICRS 53.249527 -29.181977 53.459499 -29.182721 53.460159 -28.999392 53.250559 -28.998653
image,lsst.deep_coadd,Rubin:Simonyi,3,,lsst_cells_v2-4849-48,LSST.DP2,ivo://org.rubinobs/usdac/lsst-dp2?repo=dp2&id=019ed8bf-1948-7faa-952c-909d0b5a1dd8,https://data.lsst.cloud/api/datalink/links?ID=ivo%3A%2F%2Forg.rubinobs%2Flsst-dp2%3Frepo%3Ddp2%26id%3D019ed8bf-1948-7faa-952c-909d0b5a1dd8,application/x-votable+xml;content=datalink,,3300,3300,,,,,,,6.936e-07,8.188e-07,,i,phot.flux.density,,LSSTCam,,,4849,48,i,,deep_coadd - i - tract=4849 patch=48,53.164228335016254,-29.089917453261794,0.25925460282466667,POLYGON ICRS 53.058656 -29.181016 53.268614 -29.182058 53.269613 -28.998734 53.060027 -28.997699
image,lsst.deep_coadd,Rubin:Simonyi,3,,lsst_cells_v2-4849-49,LSST.DP2,ivo://org.rubinobs/usdac/lsst-dp2?repo=dp2&id=019ed8c0-02f7-717f-8bd0-60f38d4568f7,https://data.lsst.cloud/api/datalink/links?ID=ivo%3A%2F%2Forg.rubinobs%2Flsst-dp2%3Frepo%3Ddp2%26id%3D019ed8c0-02f7-717f-8bd0-60f38d4568f7,application/x-votable+xml;content=datalink,,3300,3300,,,,,,,6.936e-07,8.188e-07,,i,phot.flux.density,,LSSTCam,,,4849,49,i,,deep_coadd - i - tract=4849 patch=49,52.97353495584894,-29.088838661824596,0.259242392879569,POLYGON ICRS 52.867802 -29.179784 53.077742 -29.181124 53.079080 -28.997807 52.869512 -28.996477
image,lsst.deep_coadd,Rubin:Simonyi,3,,lsst_cells_v2-4849-55,LSST.DP2,ivo://org.rubinobs/usdac/lsst-dp2?repo=dp2&id=019ed8bf-831b-7185-a153-dba83ffa056c,https://data.lsst.cloud/api/datalink/links?ID=ivo%3A%2F%2Forg.rubinobs%2Flsst-dp2%3Frepo%3Ddp2%26id%3D019ed8bf-831b-7185-a153-dba83ffa056c,application/x-votable+xml;content=datalink,,3300,3300,,,,,,,6.936e-07,8.188e-07,,i,phot.flux.density,,LSSTCam,,,4849,55,i,,deep_coadd - i - tract=4849 patch=55,53.73653406256381,-28.92487018472436,0.2592714953133919,POLYGON ICRS 53.631626 -29.016422 53.841273 -29.016570 53.841257 -28.833237 53.631980 -28.833090
image,lsst.deep_coadd,Rubin:Simonyi,3,,lsst_cells_v2-4849-56,LSST.DP2,ivo://org.rubinobs/usdac/lsst-dp2?repo=dp2&id=019ed8bf-56ec-76ae-857c-0e399d9b2046,https://data.lsst.cloud/api/datalink/links?ID=ivo%3A%2F%2Forg.rubinobs%2Flsst-dp2%3Frepo%3Ddp2%26id%3D019ed8bf-56ec-76ae-857c-0e399d9b2046,application/x-votable+xml;content=datalink,,3300,3300,,,,,,,6.936e-07,8.188e-07,,i,phot.flux.density,,LSSTCam,,,4849,56,i,,deep_coadd - i - tract=4849 patch=56,53.54611636289005,-28.92460224061312,0.25926915490964914,POLYGON ICRS 53.441041 -29.016005 53.650684 -29.016449 53.651005 -28.833117 53.441733 -28.832676
image,lsst.deep_coadd,Rubin:Simonyi,3,,lsst_cells_v2-4849-57,LSST.DP2,ivo://org.rubinobs/usdac/lsst-dp2?repo=dp2&id=019ed8bf-3b71-77aa-9896-76c0964346f9,https://data.lsst.cloud/api/datalink/links?ID=ivo%3A%2F%2Forg.rubinobs%2Flsst-dp2%3Frepo%3Ddp2%26id%3D019ed8bf-3b71-77aa-9896-76c0964346f9,application/x-votable+xml;content=datalink,,3300,3300,,,,,,,6.936e-07,8.188e-07,,i,phot.flux.density,,LSSTCam,,,4849,57,i,,deep_coadd - i - tract=4849 patch=57,53.35570497325579,-28.924066419522017,0.2592635240831199,POLYGON ICRS 53.250466 -29.015319 53.460099 -29.016059 53.460758 -28.832730 53.251495 -28.831996
image,lsst.deep_coadd,Rubin:Simonyi,3,,lsst_cells_v2-4849-58,LSST.DP2,ivo://org.rubinobs/usdac/lsst-dp2?repo=dp2&id=019ed8bf-c20e-72e9-9dff-dfcc3185bb3b,https://data.lsst.cloud/api/datalink/links?ID=ivo%3A%2F%2Forg.rubinobs%2Flsst-dp2%3Frepo%3Ddp2%26id%3D019ed8bf-c20e-72e9-9dff-dfcc3185bb3b,application/x-votable+xml;content=datalink,,3300,3300,,,,,,,6.936e-07,8.188e-07,,i,phot.flux.density,,LSSTCam,,,4849,58,i,,deep_coadd - i - tract=4849 patch=58,53.16530409895401,-28.92326276640045,0.2592546034234003,POLYGON ICRS 53.059903 -29.014365 53.269523 -29.015400 53.270519 -28.832076 53.061270 -28.831048
image,lsst.deep_coadd,Rubin:Simonyi,3,,lsst_cells_v2-4849-59,LSST.DP2,ivo://org.rubinobs/usdac/lsst-dp2?repo=dp2&id=019ed8bf-95bb-7e33-ac87-599e2cc72f60,https://data.lsst.cloud/api/datalink/links?ID=ivo%3A%2F%2Forg.rubinobs%2Flsst-dp2%3Frepo%3Ddp2%26id%3D019ed8bf-95bb-7e33-ac87-599e2cc72f60,application/x-votable+xml;content=datalink,,3300,3300,,,,,,,6.936e-07,8.188e-07,,i,phot.flux.density,,LSSTCam,,,4849,59,i,,deep_coadd - i - tract=4849 patch=59,52.97491794388631,-28.922191348663016,0.25924239384357156,POLYGON ICRS 52.869357 -29.013141 53.078958 -29.014472 53.080292 -28.831155 52.871062 -28.829834
image,lsst.deep_coadd,Rubin:Simonyi,3,,lsst_cells_v2-4849-64,LSST.DP2,ivo://org.rubinobs/usdac/lsst-dp2?repo=dp2&id=019ed8bf-ac00-74af-9dbc-3ac80448ea57,https://data.lsst.cloud/api/datalink/links?ID=ivo%3A%2F%2Forg.rubinobs%2Flsst-dp2%3Frepo%3Ddp2%26id%3D019ed8bf-ac00-74af-9dbc-3ac80448ea57,application/x-votable+xml;content=datalink,,3300,3300,,,,,,,6.936e-07,8.188e-07,,i,phot.flux.density,,LSSTCam,,,4849,64,i,,deep_coadd - i - tract=4849 patch=64,53.926800718181305,-28.758205889873814,0.2592691550361885,POLYGON ICRS 53.822230 -28.849903 54.031540 -28.849757 54.031187 -28.666428 53.822247 -28.666574
image,lsst.deep_coadd,Rubin:Simonyi,3,,lsst_cells_v2-4849-65,LSST.DP2,ivo://org.rubinobs/usdac/lsst-dp2?repo=dp2&id=019ed8bf-1710-7674-b105-3f324f57717c,https://data.lsst.cloud/api/datalink/links?ID=ivo%3A%2F%2Forg.rubinobs%2Flsst-dp2%3Frepo%3Ddp2%26id%3D019ed8bf-1710-7674-b105-3f324f57717c,application/x-votable+xml;content=datalink,,3300,3300,,,,,,,6.936e-07,8.188e-07,,i,phot.flux.density,,LSSTCam,,,4849,65,i,,deep_coadd - i - tract=4849 patch=65,53.73668731267075,-28.758205845527733,0.2592691549081004,POLYGON ICRS 53.631948 -28.849756 53.841258 -28.849903 53.841241 -28.666574 53.632301 -28.666428
image,lsst.deep_coadd,Rubin:Simonyi,3,,lsst_cells_v2-4849-66,LSST.DP2,ivo://org.rubinobs/usdac/lsst-dp2?repo=dp2&id=019ed8c0-00a4-768f-b881-48403eb7a6a7,https://data.lsst.cloud/api/datalink/links?ID=ivo%3A%2F%2Forg.rubinobs%2Flsst-dp2%3Frepo%3Ddp2%26id%3D019ed8c0-00a4-768f-b881-48403eb7a6a7,application/x-votable+xml;content=datalink,,3300,3300,,,,,,,6.936e-07,8.188e-07,,i,phot.flux.density,,LSSTCam,,,4849,66,i,,deep_coadd - i - tract=4849 patch=66,53.54657600092645,-28.757939744100785,0.2592671070376736,POLYGON ICRS 53.441671 -28.849342 53.650976 -28.849783 53.651296 -28.666454 53.442360 -28.666017
image,lsst.deep_coadd,Rubin:Simonyi,3,,lsst_cells_v2-4849-67,LSST.DP2,ivo://org.rubinobs/usdac/lsst-dp2?repo=dp2&id=019ed8bf-eba8-7c5e-82f1-dd4b10d4eb78,https://data.lsst.cloud/api/datalink/links?ID=ivo%3A%2F%2Forg.rubinobs%2Flsst-dp2%3Frepo%3Ddp2%26id%3D019ed8bf-eba8-7c5e-82f1-dd4b10d4eb78,application/x-votable+xml;content=datalink,,3300,3300,,,,,,,6.936e-07,8.188e-07,,i,phot.flux.density,,LSSTCam,,,4849,67,i,,deep_coadd - i - tract=4849 patch=67,53.35647096881458,-28.75740760788205,0.2592625731594009,POLYGON ICRS 53.251402 -28.848661 53.460698 -28.849396 53.461354 -28.666070 53.252428 -28.665341
image,lsst.deep_coadd,Rubin:Simonyi,3,,lsst_cells_v2-4849-68,LSST.DP2,ivo://org.rubinobs/usdac/lsst-dp2?repo=dp2&id=019ed8bf-be95-75fb-b167-50c882241fe6,https://data.lsst.cloud/api/datalink/links?ID=ivo%3A%2F%2Forg.rubinobs%2Flsst-dp2%3Frepo%3Ddp2%26id%3D019ed8bf-be95-75fb-b167-50c882241fe6,application/x-votable+xml;content=datalink,,3300,3300,,,,,,,6.936e-07,8.188e-07,,i,phot.flux.density,,LSSTCam,,,4849,68,i,,deep_coadd - i - tract=4849 patch=68,53.16637640136052,-28.75660948146481,0.2592547494029248,POLYGON ICRS 53.061146 -28.847713 53.270428 -28.848742 53.271421 -28.665421 53.062508 -28.664400
image,lsst.deep_coadd,Rubin:Simonyi,3,,lsst_cells_v2-4849-69,LSST.DP2,ivo://org.rubinobs/usdac/lsst-dp2?repo=dp2&id=019ed8bf-aa4d-7078-af12-592315d21c74,https://data.lsst.cloud/api/datalink/links?ID=ivo%3A%2F%2Forg.rubinobs%2Flsst-dp2%3Frepo%3Ddp2%26id%3D019ed8bf-aa4d-7078-af12-592315d21c74,application/x-votable+xml;content=datalink,,3300,3300,,,,,,,6.936e-07,8.188e-07,,i,phot.flux.density,,LSSTCam,,,4849,69,i,,deep_coadd - i - tract=4849 patch=69,52.976296482219865,-28.755545431709617,0.25924363659713556,POLYGON ICRS 52.870907 -28.846499 53.080171 -28.847820 53.081500 -28.664506 52.872606 -28.663195
image,lsst.deep_coadd,Rubin:Simonyi,3,,lsst_cells_v2-4849-73,LSST.DP2,ivo://org.rubinobs/usdac/lsst-dp2?repo=dp2&id=019ed8bf-54a6-7fcc-908f-5fd2fe982ce0,https://data.lsst.cloud/api/datalink/links?ID=ivo%3A%2F%2Forg.rubinobs%2Flsst-dp2%3Frepo%3Ddp2%26id%3D019ed8bf-54a6-7fcc-908f-5fd2fe982ce0,application/x-votable+xml;content=datalink,,3300,3300,,,,,,,6.936e-07,8.188e-07,,i,phot.flux.density,,LSSTCam,,,4849,73,i,,deep_coadd - i - tract=4849 patch=73,54.11645397186262,-28.59128160899128,0.2592625740238731,POLYGON ICRS 54.012221 -28.683121 54.221190 -28.682683 54.220503 -28.499364 54.011903 -28.499798
image,lsst.deep_coadd,Rubin:Simonyi,3,,lsst_cells_v2-4849-74,LSST.DP2,ivo://org.rubinobs/usdac/lsst-dp2?repo=dp2&id=019ed8bf-3928-7516-899a-a4a54e3dce86,https://data.lsst.cloud/api/datalink/links?ID=ivo%3A%2F%2Forg.rubinobs%2Flsst-dp2%3Frepo%3Ddp2%26id%3D019ed8bf-3928-7516-899a-a4a54e3dce86,application/x-votable+xml;content=datalink,,3300,3300,,,,,,,6.936e-07,8.188e-07,,i,phot.flux.density,,LSSTCam,,,4849,74,i,,deep_coadd - i - tract=4849 patch=74,53.92664806227445,-28.591545781162903,0.2592635238498341,POLYGON ICRS 53.822245 -28.683240 54.031219 -28.683094 54.030867 -28.499772 53.822262 -28.499916
image,lsst.deep_coadd,Rubin:Simonyi,3,,lsst_cells_v2-4849-75,LSST.DP2,ivo://org.rubinobs/usdac/lsst-dp2?repo=dp2&id=019ed8bf-0ca4-7552-89d0-ebfc62e9a976,https://data.lsst.cloud/api/datalink/links?ID=ivo%3A%2F%2Forg.rubinobs%2Flsst-dp2%3Frepo%3Ddp2%26id%3D019ed8bf-0ca4-7552-89d0-ebfc62e9a976,application/x-votable+xml;content=datalink,,3300,3300,,,,,,,6.936e-07,8.188e-07,,i,phot.flux.density,,LSSTCam,,,4849,75,i,,deep_coadd - i - tract=4849 patch=75,53.73684007037959,-28.591545737126534,0.25926352408079956,POLYGON ICRS 53.632269 -28.683094 53.841243 -28.683240 53.841226 -28.499916 53.632622 -28.499772
image,lsst.deep_coadd,Rubin:Simonyi,3,,lsst_cells_v2-4849-76,LSST.DP2,ivo://org.rubinobs/usdac/lsst-dp2?repo=dp2&id=019ed8c0-157c-744a-8eda-4a7b710b8f41,https://data.lsst.cloud/api/datalink/links?ID=ivo%3A%2F%2Forg.rubinobs%2Flsst-dp2%3Frepo%3Ddp2%26id%3D019ed8c0-157c-744a-8eda-4a7b710b8f41,application/x-votable+xml;content=datalink,,3300,3300,,,,,,,6.936e-07,8.188e-07,,i,phot.flux.density,,LSSTCam,,,4849,76,i,,deep_coadd - i - tract=4849 patch=76,53.54703416218024,-28.591281476886174,0.25926257315697904,POLYGON ICRS 53.442298 -28.682683 53.651267 -28.683120 53.651586 -28.499798 53.442986 -28.499364
image,lsst.deep_coadd,Rubin:Simonyi,3,,lsst_cells_v2-4849-77,LSST.DP2,ivo://org.rubinobs/usdac/lsst-dp2?repo=dp2&id=019ed8bf-7f2a-7c6b-b062-9ae61e16fb6a,https://data.lsst.cloud/api/datalink/links?ID=ivo%3A%2F%2Forg.rubinobs%2Flsst-dp2%3Frepo%3Ddp2%26id%3D019ed8bf-7f2a-7c6b-b062-9ae61e16fb6a,application/x-votable+xml;content=datalink,,3300,3300,,,,,,,6.936e-07,8.188e-07,,i,phot.flux.density,,LSSTCam,,,4849,77,i,,deep_coadd - i - tract=4849 patch=77,53.35723450339826,-28.590753022551667,0.2592583318829656,POLYGON ICRS 53.252335 -28.682006 53.461295 -28.682736 53.461949 -28.499416 53.253358 -28.498692
image,lsst.deep_coadd,Rubin:Simonyi,3,,lsst_cells_v2-4849-78,LSST.DP2,ivo://org.rubinobs/usdac/lsst-dp2?repo=dp2&id=019ed8bf-4be9-75ed-8bb0-0723a0ae7725,https://data.lsst.cloud/api/datalink/links?ID=ivo%3A%2F%2Forg.rubinobs%2Flsst-dp2%3Frepo%3Ddp2%26id%3D019ed8bf-4be9-75ed-8bb0-0723a0ae7725,application/x-votable+xml;content=datalink,,3300,3300,,,,,,,6.936e-07,8.188e-07,,i,phot.flux.density,,LSSTCam,,,4849,78,i,,deep_coadd - i - tract=4849 patch=78,53.16744525892505,-28.589960418346344,0.25925160517413126,POLYGON ICRS 53.062385 -28.681065 53.271331 -28.682086 53.272320 -28.498771 53.063743 -28.497758
image,lsst.deep_coadd,Rubin:Simonyi,3,,lsst_cells_v2-4849-79,LSST.DP2,ivo://org.rubinobs/usdac/lsst-dp2?repo=dp2&id=019ed8bf-376f-7410-af51-2142c01b3fb8,https://data.lsst.cloud/api/datalink/links?ID=ivo%3A%2F%2Forg.rubinobs%2Flsst-dp2%3Frepo%3Ddp2%26id%3D019ed8bf-376f-7410-af51-2142c01b3fb8,application/x-votable+xml;content=datalink,,3300,3300,,,,,,,6.936e-07,8.188e-07,,i,phot.flux.density,,LSSTCam,,,4849,79,i,,deep_coadd - i - tract=4849 patch=79,52.977670592287964,-28.588903730593263,0.2592415894154977,POLYGON ICRS 52.872452 -28.679858 53.081379 -28.681171 53.082704 -28.497863 52.874145 -28.496561
image,lsst.deep_coadd,Rubin:Simonyi,3,,lsst_cells_v2-4849-83,LSST.DP2,ivo://org.rubinobs/usdac/lsst-dp2?repo=dp2&id=019ed8bf-624d-7d49-890a-dca2acbc09af,https://data.lsst.cloud/api/datalink/links?ID=ivo%3A%2F%2Forg.rubinobs%2Flsst-dp2%3Frepo%3Ddp2%26id%3D019ed8bf-624d-7d49-890a-dca2acbc09af,application/x-votable+xml;content=datalink,,3300,3300,,,,,,,6.936e-07,8.188e-07,,i,phot.flux.density,,LSSTCam,,,4849,83,i,,deep_coadd - i - tract=4849 patch=83,54.11599738175712,-28.42463038995083,0.25925474989732067,POLYGON ICRS 54.011932 -28.516463 54.220565 -28.516029 54.219880 -28.332719 54.011614 -28.333150
image,lsst.deep_coadd,Rubin:Simonyi,3,,lsst_cells_v2-4849-84,LSST.DP2,ivo://org.rubinobs/usdac/lsst-dp2?repo=dp2&id=019ed8bf-35bc-7f24-9f85-60875120fa17,https://data.lsst.cloud/api/datalink/links?ID=ivo%3A%2F%2Forg.rubinobs%2Flsst-dp2%3Frepo%3Ddp2%26id%3D019ed8bf-35bc-7f24-9f85-60875120fa17,application/x-votable+xml;content=datalink,,3300,3300,,,,,,,6.936e-07,8.188e-07,,i,phot.flux.density,,LSSTCam,,,4849,84,i,,deep_coadd - i - tract=4849 patch=84,53.92649589606569,-28.424892723110514,0.259254602822669,POLYGON ICRS 53.822261 -28.516582 54.030899 -28.516437 54.030548 -28.333124 53.822277 -28.333268
image,lsst.deep_coadd,Rubin:Simonyi,3,,lsst_cells_v2-4849-85,LSST.DP2,ivo://org.rubinobs/usdac/lsst-dp2?repo=dp2&id=019ed8bf-bc5c-7137-a5eb-3e774cce58f1,https://data.lsst.cloud/api/datalink/links?ID=ivo%3A%2F%2Forg.rubinobs%2Flsst-dp2%3Frepo%3Ddp2%26id%3D019ed8bf-bc5c-7137-a5eb-3e774cce58f1,application/x-votable+xml;content=datalink,,3300,3300,,,,,,,6.936e-07,8.188e-07,,i,phot.flux.density,,LSSTCam,,,4849,85,i,,deep_coadd - i - tract=4849 patch=85,53.736992338070564,-28.424892679381006,0.25925460342477824,POLYGON ICRS 53.632590 -28.516437 53.841228 -28.516582 53.841211 -28.333268 53.632941 -28.333124
image,lsst.deep_coadd,Rubin:Simonyi,3,,lsst_cells_v2-4849-86,LSST.DP2,ivo://org.rubinobs/usdac/lsst-dp2?repo=dp2&id=019ed8bf-a81b-715f-a6fd-1c137b588389,https://data.lsst.cloud/api/datalink/links?ID=ivo%3A%2F%2Forg.rubinobs%2Flsst-dp2%3Frepo%3Ddp2%26id%3D019ed8bf-a81b-715f-a6fd-1c137b588389,application/x-votable+xml;content=datalink,,3300,3300,,,,,,,6.936e-07,8.188e-07,,i,phot.flux.density,,LSSTCam,,,4849,86,i,,deep_coadd - i - tract=4849 patch=86,53.54749085376019,-28.42463025876369,0.2592547494030864,POLYGON ICRS 53.442923 -28.516029 53.651557 -28.516463 53.651874 -28.333150 53.443609 -28.332719
image,lsst.deep_coadd,Rubin:Simonyi,3,,lsst_cells_v2-4849-87,LSST.DP2,ivo://org.rubinobs/usdac/lsst-dp2?repo=dp2&id=019ed8bf-74ca-7875-b206-b4685b184508,https://data.lsst.cloud/api/datalink/links?ID=ivo%3A%2F%2Forg.rubinobs%2Flsst-dp2%3Frepo%3Ddp2%26id%3D019ed8bf-74ca-7875-b206-b4685b184508,application/x-votable+xml;content=datalink,,3300,3300,,,,,,,6.936e-07,8.188e-07,,i,phot.flux.density,,LSSTCam,,,4849,87,i,,deep_coadd - i - tract=4849 patch=87,53.35799558883675,-28.424105483196527,0.2592516051748197,POLYGON ICRS 53.253265 -28.515357 53.461889 -28.516081 53.462541 -28.332771 53.254285 -28.332052
image,lsst.deep_coadd,Rubin:Simonyi,3,,lsst_cells_v2-4849-88,LSST.DP2,ivo://org.rubinobs/usdac/lsst-dp2?repo=dp2&id=019ed8bf-609b-71d2-894a-655cc3bc47e6,https://data.lsst.cloud/api/datalink/links?ID=ivo%3A%2F%2Forg.rubinobs%2Flsst-dp2%3Frepo%3Ddp2%26id%3D019ed8bf-609b-71d2-894a-655cc3bc47e6,application/x-votable+xml;content=datalink,,3300,3300,,,,,,,6.936e-07,8.188e-07,,i,phot.flux.density,,LSSTCam,,,4849,88,i,,deep_coadd - i - tract=4849 patch=88,53.16851068820747,-28.423318396525207,0.2592451711826954,POLYGON ICRS 53.063620 -28.514422 53.272230 -28.515436 53.273217 -28.332131 53.064974 -28.331124
image,lsst.deep_coadd,Rubin:Simonyi,3,,lsst_cells_v2-4849-89,LSST.DP2,ivo://org.rubinobs/usdac/lsst-dp2?repo=dp2&id=019ed8bf-e79d-7ba8-b0d7-a6de635955e2,https://data.lsst.cloud/api/datalink/links?ID=ivo%3A%2F%2Forg.rubinobs%2Flsst-dp2%3Frepo%3Ddp2%26id%3D019ed8bf-e79d-7ba8-b0d7-a6de635955e2,application/x-votable+xml;content=datalink,,3300,3300,,,,,,,6.936e-07,8.188e-07,,i,phot.flux.density,,LSSTCam,,,4849,89,i,,deep_coadd - i - tract=4849 patch=89,52.979040295399614,-28.42226906452314,0.2592362526327447,POLYGON ICRS 52.873991 -28.513224 53.082584 -28.514527 53.083904 -28.331229 52.875679 -28.329935
image,lsst.deep_coadd,Rubin:Simonyi,3,,lsst_cells_v2-4849-93,LSST.DP2,ivo://org.rubinobs/usdac/lsst-dp2?repo=dp2&id=019ed8c0-1343-7bb3-9756-ec05bb9a685e,https://data.lsst.cloud/api/datalink/links?ID=ivo%3A%2F%2Forg.rubinobs%2Flsst-dp2%3Frepo%3Ddp2%26id%3D019ed8c0-1343-7bb3-9756-ec05bb9a685e,application/x-votable+xml;content=datalink,,3300,3300,,,,,,,6.936e-07,8.188e-07,,i,phot.flux.density,,LSSTCam,,,4849,93,i,,deep_coadd - i - tract=4849 patch=93,54.11554225394315,-28.257989039080876,0.2592436367242223,POLYGON ICRS 54.011643 -28.349814 54.219942 -28.349383 54.219259 -28.166085 54.011326 -28.166513
image,lsst.deep_coadd,Rubin:Simonyi,3,,lsst_cells_v2-4849-94,LSST.DP2,ivo://org.rubinobs/usdac/lsst-dp2?repo=dp2&id=019ed8bf-e5d1-79a9-8b72-5ecd20f863bc,https://data.lsst.cloud/api/datalink/links?ID=ivo%3A%2F%2Forg.rubinobs%2Flsst-dp2%3Frepo%3Ddp2%26id%3D019ed8bf-e5d1-79a9-8b72-5ecd20f863bc,application/x-votable+xml;content=datalink,,3300,3300,,,,,,,6.936e-07,8.188e-07,,i,phot.flux.density,,LSSTCam,,,4849,94,i,,deep_coadd - i - tract=4849 patch=94,53.926344217195265,-28.25824953485126,0.2592423928835821,POLYGON ICRS 53.822276 -28.349932 54.030579 -28.349788 54.030230 -28.166488 53.822292 -28.166630
image,lsst.deep_coadd,Rubin:Simonyi,3,,lsst_cells_v2-4849-95,LSST.DP2,ivo://org.rubinobs/usdac/lsst-dp2?repo=dp2&id=019ed8bf-ca16-7819-8d7a-c680e381fea8,https://data.lsst.cloud/api/datalink/links?ID=ivo%3A%2F%2Forg.rubinobs%2Flsst-dp2%3Frepo%3Ddp2%26id%3D019ed8bf-ca16-7819-8d7a-c680e381fea8,application/x-votable+xml;content=datalink,,3300,3300,,,,,,,6.936e-07,8.188e-07,,i,phot.flux.density,,LSSTCam,,,4849,95,i,,deep_coadd - i - tract=4849 patch=95,53.73714411808798,-28.258249491427584,0.2592423938451306,POLYGON ICRS 53.632909 -28.349788 53.841213 -28.349932 53.841196 -28.166630 53.633259 -28.166487
image,lsst.deep_coadd,Rubin:Simonyi,3,,lsst_cells_v2-4849-96,LSST.DP2,ivo://org.rubinobs/usdac/lsst-dp2?repo=dp2&id=019ed8bf-3538-745d-ae42-cbd3e951741b,https://data.lsst.cloud/api/datalink/links?ID=ivo%3A%2F%2Forg.rubinobs%2Flsst-dp2%3Frepo%3Ddp2%26id%3D019ed8bf-3538-745d-ae42-cbd3e951741b,application/x-votable+xml;content=datalink,,3300,3300,,,,,,,6.936e-07,8.188e-07,,i,phot.flux.density,,LSSTCam,,,4849,96,i,,deep_coadd - i - tract=4849 patch=96,53.547946082718155,-28.257988908811235,0.2592436365952878,POLYGON ICRS 53.443546 -28.349383 53.651845 -28.349814 53.652162 -28.166513 53.444230 -28.166085
image,lsst.deep_coadd,Rubin:Simonyi,3,,lsst_cells_v2-4849-97,LSST.DP2,ivo://org.rubinobs/usdac/lsst-dp2?repo=dp2&id=019ed8bf-08ac-718a-be6c-480ae2e23e1f,https://data.lsst.cloud/api/datalink/links?ID=ivo%3A%2F%2Forg.rubinobs%2Flsst-dp2%3Frepo%3Ddp2%26id%3D019ed8bf-08ac-718a-be6c-480ae2e23e1f,application/x-votable+xml;content=datalink,,3300,3300,,,,,,,6.936e-07,8.188e-07,,i,phot.flux.density,,LSSTCam,,,4849,97,i,,deep_coadd - i - tract=4849 patch=97,53.358754236908865,-28.25746780875341,0.2592415894097516,POLYGON ICRS 53.254192 -28.348716 53.462482 -28.349435 53.463132 -28.166137 53.255209 -28.165423
image,lsst.deep_coadd,Rubin:Simonyi,3,,lsst_cells_v2-4849-98,LSST.DP2,ivo://org.rubinobs/usdac/lsst-dp2?repo=dp2&id=019ed8c0-1181-72f0-aa7d-a5fa6421b20a,https://data.lsst.cloud/api/datalink/links?ID=ivo%3A%2F%2Forg.rubinobs%2Flsst-dp2%3Frepo%3Ddp2%26id%3D019ed8c0-1181-72f0-aa7d-a5fa6421b20a,application/x-votable+xml;content=datalink,,3300,3300,,,,,,,6.936e-07,8.188e-07,,i,phot.flux.density,,LSSTCam,,,4849,98,i,,deep_coadd - i - tract=4849 patch=98,53.16957270568525,-28.256686234744755,0.2592362526427419,POLYGON ICRS 53.064851 -28.347787 53.273127 -28.348794 53.274110 -28.165501 53.066200 -28.164502
image,lsst.deep_coadd,Rubin:Simonyi,3,,lsst_cells_v2-4849-99,LSST.DP2,ivo://org.rubinobs/usdac/lsst-dp2?repo=dp2&id=019ed8bf-7447-7408-845e-98a60362a423,https://data.lsst.cloud/api/datalink/links?ID=ivo%3A%2F%2Forg.rubinobs%2Flsst-dp2%3Frepo%3Ddp2%26id%3D019ed8bf-7447-7408-845e-98a60362a423,application/x-votable+xml;content=datalink,,3300,3300,,,,,,,6.936e-07,8.188e-07,,i,phot.flux.density,,LSSTCam,,,4849,99,i,,deep_coadd - i - tract=4849 patch=99,52.98040561270733,-28.255644252008327,0.2592276269503517,POLYGON ICRS 52.875526 -28.346598 53.083784 -28.347892 53.085101 -28.164606 52.877209 -28.163322
image,lsst.deep_coadd,Rubin:Simonyi,3,,lsst_cells_v2-5062-0,LSST.DP2,ivo://org.rubinobs/usdac/lsst-dp2?repo=dp2&id=019ed8bf-4ed8-7c76-81d8-a2ab450f583f,https://data.lsst.cloud/api/datalink/links?ID=ivo%3A%2F%2Forg.rubinobs%2Flsst-dp2%3Frepo%3Ddp2%26id%3D019ed8bf-4ed8-7c76-81d8-a2ab450f583f,application/x-votable+xml;content=datalink,,3300,3300,,,,,,,6.936e-07,8.188e-07,,i,phot.flux.density,,LSSTCam,,,5062,0,i,,deep_coadd - i - tract=5062 patch=0,52.279976770226654,-28.267949196923176,0.2592276335282247,POLYGON ICRS 52.176555 -28.360199 52.384829 -28.358904 52.383225 -28.175627 52.175301 -28.176912
image,lsst.deep_coadd,Rubin:Simonyi,3,,lsst_cells_v2-5062-1,LSST.DP2,ivo://org.rubinobs/usdac/lsst-dp2?repo=dp2&id=019ed8bf-3a5d-7cb7-919f-d1e7b13dfaec,https://data.lsst.cloud/api/datalink/links?ID=ivo%3A%2F%2Forg.rubinobs%2Flsst-dp2%3Frepo%3Ddp2%26id%3D019ed8bf-3a5d-7cb7-919f-d1e7b13dfaec,application/x-votable+xml;content=datalink,,3300,3300,,,,,,,6.936e-07,8.188e-07,,i,phot.flux.density,,LSSTCam,,,5062,1,i,,deep_coadd - i - tract=5062 patch=1,52.09078783176738,-28.26899162919687,0.25923625849742976,POLYGON ICRS 51.987198 -28.361101 52.195490 -28.360094 52.194204 -28.176808 51.986261 -28.177808
image,lsst.deep_coadd,Rubin:Simonyi,3,,lsst_cells_v2-5062-2,LSST.DP2,ivo://org.rubinobs/usdac/lsst-dp2?repo=dp2&id=019ed8bf-0dd8-788c-9e83-71a41c8c4717,https://data.lsst.cloud/api/datalink/links?ID=ivo%3A%2F%2Forg.rubinobs%2Flsst-dp2%3Frepo%3Ddp2%26id%3D019ed8bf-0dd8-788c-9e83-71a41c8c4717,application/x-votable+xml;content=datalink,,3300,3300,,,,,,,6.936e-07,8.188e-07,,i,phot.flux.density,,LSSTCam,,,5062,2,i,,deep_coadd - i - tract=5062 patch=2,51.901584451442886,-28.269773518677766,0.2592415945309531,POLYGON ICRS 51.797829 -28.361742 52.006135 -28.361023 52.005166 -28.177730 51.797210 -28.178444
image,lsst.deep_coadd,Rubin:Simonyi,3,,lsst_cells_v2-5062-10,LSST.DP2,ivo://org.rubinobs/usdac/lsst-dp2?repo=dp2&id=019ed8bf-ff8d-7c1a-b8f8-79f59c16faad,https://data.lsst.cloud/api/datalink/links?ID=ivo%3A%2F%2Forg.rubinobs%2Flsst-dp2%3Frepo%3Ddp2%26id%3D019ed8bf-ff8d-7c1a-b8f8-79f59c16faad,application/x-votable+xml;content=datalink,,3300,3300,,,,,,,6.936e-07,8.188e-07,,i,phot.flux.density,,LSSTCam,,,5062,10,i,,deep_coadd - i - tract=5062 patch=10,52.27867969248425,-28.10132396753859,0.2592362584890181,POLYGON ICRS 52.175415 -28.193575 52.383371 -28.192289 52.381772 -28.009000 52.174164 -28.010276
image,lsst.deep_coadd,Rubin:Simonyi,3,,lsst_cells_v2-5062-11,LSST.DP2,ivo://org.rubinobs/usdac/lsst-dp2?repo=dp2&id=019ed8bf-ea9b-7415-b04a-7881cdf129e3,https://data.lsst.cloud/api/datalink/links?ID=ivo%3A%2F%2Forg.rubinobs%2Flsst-dp2%3Frepo%3Ddp2%26id%3D019ed8bf-ea9b-7415-b04a-7881cdf129e3,application/x-votable+xml;content=datalink,,3300,3300,,,,,,,6.936e-07,8.188e-07,,i,phot.flux.density,,LSSTCam,,,5062,11,i,,deep_coadd - i - tract=5062 patch=11,52.08977891632806,-28.10235921325416,0.25924517630516986,POLYGON ICRS 51.986346 -28.194472 52.194321 -28.193471 52.193038 -28.010173 51.985412 -28.011166
image,lsst.deep_coadd,Rubin:Simonyi,3,,lsst_cells_v2-5062-12,LSST.DP2,ivo://org.rubinobs/usdac/lsst-dp2?repo=dp2&id=019ed8bf-bd8e-7d2a-9c0c-85540bea9429,https://data.lsst.cloud/api/datalink/links?ID=ivo%3A%2F%2Forg.rubinobs%2Flsst-dp2%3Frepo%3Ddp2%26id%3D019ed8bf-bd8e-7d2a-9c0c-85540bea9429,application/x-votable+xml;content=datalink,,3300,3300,,,,,,,6.936e-07,8.188e-07,,i,phot.flux.density,,LSSTCam,,,5062,12,i,,deep_coadd - i - tract=5062 patch=12,51.900863764198235,-28.10313571227676,0.25925160957350996,POLYGON ICRS 51.797266 -28.195108 52.005254 -28.194394 52.004288 -28.011089 51.796649 -28.011798
image,lsst.deep_coadd,Rubin:Simonyi,3,,lsst_cells_v2-5062-20,LSST.DP2,ivo://org.rubinobs/usdac/lsst-dp2?repo=dp2&id=019ed8c0-1478-7ab3-bade-0355a90e90ca,https://data.lsst.cloud/api/datalink/links?ID=ivo%3A%2F%2Forg.rubinobs%2Flsst-dp2%3Frepo%3Ddp2%26id%3D019ed8c0-1478-7ab3-bade-0355a90e90ca,application/x-votable+xml;content=datalink,,3300,3300,,,,,,,6.936e-07,8.188e-07,,i,phot.flux.density,,LSSTCam,,,5062,20,i,,deep_coadd - i - tract=5062 patch=20,52.27738656057168,-27.934688859696827,0.2592415945277163,POLYGON ICRS 52.174278 -28.026940 52.381917 -28.025663 52.380323 -27.842365 52.173031 -27.843632
image,lsst.deep_coadd,Rubin:Simonyi,3,,lsst_cells_v2-5062-21,LSST.DP2,ivo://org.rubinobs/usdac/lsst-dp2?repo=dp2&id=019ed8bf-dff9-71de-b7ec-fb81bdfce05f,https://data.lsst.cloud/api/datalink/links?ID=ivo%3A%2F%2Forg.rubinobs%2Flsst-dp2%3Frepo%3Ddp2%26id%3D019ed8bf-dff9-71de-b7ec-fb81bdfce05f,application/x-votable+xml;content=datalink,,3300,3300,,,,,,,6.936e-07,8.188e-07,,i,phot.flux.density,,LSSTCam,,,5062,21,i,,deep_coadd - i - tract=5062 patch=21,52.08877307036473,-27.935716922561628,0.25925160956787696,POLYGON ICRS 51.985497 -28.027831 52.193155 -28.026837 52.191877 -27.843530 51.984566 -27.844516
image,lsst.deep_coadd,Rubin:Simonyi,3,,lsst_cells_v2-5062-22,LSST.DP2,ivo://org.rubinobs/usdac/lsst-dp2?repo=dp2&id=019ed8bf-cb44-7284-aa99-b852fd4c6494,https://data.lsst.cloud/api/datalink/links?ID=ivo%3A%2F%2Forg.rubinobs%2Flsst-dp2%3Frepo%3Ddp2%26id%3D019ed8bf-cb44-7284-aa99-b852fd4c6494,application/x-votable+xml;content=datalink,,3300,3300,,,,,,,6.936e-07,8.188e-07,,i,phot.flux.density,,LSSTCam,,,5062,22,i,,deep_coadd - i - tract=5062 patch=22,51.900145269685524,-27.936488033916415,0.25925833554101163,POLYGON ICRS 51.796705 -28.028463 52.004376 -28.027753 52.003413 -27.844439 51.796089 -27.845143
image,lsst.deep_coadd,Rubin:Simonyi,3,,lsst_cells_v2-5062-30,LSST.DP2,ivo://org.rubinobs/usdac/lsst-dp2?repo=dp2&id=019ed8bf-a031-7abd-9480-c95ffa0b7387,https://data.lsst.cloud/api/datalink/links?ID=ivo%3A%2F%2Forg.rubinobs%2Flsst-dp2%3Frepo%3Ddp2%26id%3D019ed8bf-a031-7abd-9480-c95ffa0b7387,application/x-votable+xml;content=datalink,,3300,3300,,,,,,,6.936e-07,8.188e-07,,i,phot.flux.density,,LSSTCam,,,5062,30,i,,deep_coadd - i - tract=5062 patch=30,52.27609735651483,-27.768046691876705,0.2592436409870713,POLYGON ICRS 52.173144 -27.860297 52.380468 -27.859029 52.378879 -27.675724 52.171901 -27.676983
image,lsst.deep_coadd,Rubin:Simonyi,3,,lsst_cells_v2-5062-31,LSST.DP2,ivo://org.rubinobs/usdac/lsst-dp2?repo=dp2&id=019ed8bf-73c9-709b-b7b5-8987427d6820,https://data.lsst.cloud/api/datalink/links?ID=ivo%3A%2F%2Forg.rubinobs%2Flsst-dp2%3Frepo%3Ddp2%26id%3D019ed8bf-73c9-709b-b7b5-8987427d6820,application/x-votable+xml;content=datalink,,3300,3300,,,,,,,6.936e-07,8.188e-07,,i,phot.flux.density,,LSSTCam,,,5062,31,i,,deep_coadd - i - tract=5062 patch=31,52.0877702798971,-27.769067575873287,0.259254753056183,POLYGON ICRS 51.984651 -27.861181 52.191993 -27.860195 52.190718 -27.676881 51.983722 -27.677860
image,lsst.deep_coadd,Rubin:Simonyi,3,,lsst_cells_v2-5062-32,LSST.DP2,ivo://org.rubinobs/usdac/lsst-dp2?repo=dp2&id=019ed8bf-5f92-78e8-a76c-0eed00d4a6e0,https://data.lsst.cloud/api/datalink/links?ID=ivo%3A%2F%2Forg.rubinobs%2Flsst-dp2%3Frepo%3Ddp2%26id%3D019ed8bf-5f92-78e8-a76c-0eed00d4a6e0,application/x-votable+xml;content=datalink,,3300,3300,,,,,,,6.936e-07,8.188e-07,,i,phot.flux.density,,LSSTCam,,,5062,32,i,,deep_coadd - i - tract=5062 patch=32,51.89942895791557,-27.769833302539222,0.2592625760822896,POLYGON ICRS 51.796145 -27.861809 52.003500 -27.861104 52.002541 -27.677784 51.795531 -27.678483
image,lsst.deep_coadd,Rubin:Simonyi,3,,lsst_cells_v2-5062-40,LSST.DP2,ivo://org.rubinobs/usdac/lsst-dp2?repo=dp2&id=019ed8bf-3429-74e8-82f2-b1523138a04e,https://data.lsst.cloud/api/datalink/links?ID=ivo%3A%2F%2Forg.rubinobs%2Flsst-dp2%3Frepo%3Ddp2%26id%3D019ed8bf-3429-74e8-82f2-b1523138a04e,application/x-votable+xml;content=datalink,,3300,3300,,,,,,,6.936e-07,8.188e-07,,i,phot.flux.density,,LSSTCam,,,5062,40,i,,deep_coadd - i - tract=5062 patch=40,52.274812062430975,-27.60140028327981,0.259242397496854,POLYGON ICRS 52.172014 -27.693648 52.379023 -27.692389 52.377439 -27.509081 52.170775 -27.510331
image,lsst.deep_coadd,Rubin:Simonyi,3,,lsst_cells_v2-5062-41,LSST.DP2,ivo://org.rubinobs/usdac/lsst-dp2?repo=dp2&id=019ed8bf-1fc0-75a9-ad00-41e0b5537d82,https://data.lsst.cloud/api/datalink/links?ID=ivo%3A%2F%2Forg.rubinobs%2Flsst-dp2%3Frepo%3Ddp2%26id%3D019ed8bf-1fc0-75a9-ad00-41e0b5537d82,application/x-votable+xml;content=datalink,,3300,3300,,,,,,,6.936e-07,8.188e-07,,i,phot.flux.density,,LSSTCam,,,5062,41,i,,deep_coadd - i - tract=5062 patch=41,52.086770531020264,-27.60241399264286,0.25925460635172476,POLYGON ICRS 51.983806 -27.694526 52.190834 -27.693546 52.189563 -27.510230 51.982881 -27.511202
image,lsst.deep_coadd,Rubin:Simonyi,3,,lsst_cells_v2-5062-42,LSST.DP2,ivo://org.rubinobs/usdac/lsst-dp2?repo=dp2&id=019ed8c0-0982-75e9-8987-798c92c8e0bc,https://data.lsst.cloud/api/datalink/links?ID=ivo%3A%2F%2Forg.rubinobs%2Flsst-dp2%3Frepo%3Ddp2%26id%3D019ed8c0-0982-75e9-8987-798c92c8e0bc,application/x-votable+xml;content=datalink,,3300,3300,,,,,,,6.936e-07,8.188e-07,,i,phot.flux.density,,LSSTCam,,,5062,42,i,,deep_coadd - i - tract=5062 patch=42,51.89871481894611,-27.60317433779974,0.25926352627526655,POLYGON ICRS 51.795587 -27.695149 52.002628 -27.694449 52.001671 -27.511126 51.794975 -27.511820
image,lsst.deep_coadd,Rubin:Simonyi,3,,lsst_cells_v2-5062-50,LSST.DP2,ivo://org.rubinobs/usdac/lsst-dp2?repo=dp2&id=019ed8bf-30c1-7b7b-8cb6-cb61936f21d1,https://data.lsst.cloud/api/datalink/links?ID=ivo%3A%2F%2Forg.rubinobs%2Flsst-dp2%3Frepo%3Ddp2%26id%3D019ed8bf-30c1-7b7b-8cb6-cb61936f21d1,application/x-votable+xml;content=datalink,,3300,3300,,,,,,,6.936e-07,8.188e-07,,i,phot.flux.density,,LSSTCam,,,5062,50,i,,deep_coadd - i - tract=5062 patch=50,52.27353066058098,-27.434752453525554,0.2592423984622411,POLYGON ICRS 52.170887 -27.526996 52.377583 -27.525745 52.376004 -27.342438 52.169652 -27.343678
image,lsst.deep_coadd,Rubin:Simonyi,3,,lsst_cells_v2-5062-51,LSST.DP2,ivo://org.rubinobs/usdac/lsst-dp2?repo=dp2&id=019ed8bf-1567-72ca-a538-9886e51a2dd2,https://data.lsst.cloud/api/datalink/links?ID=ivo%3A%2F%2Forg.rubinobs%2Flsst-dp2%3Frepo%3Ddp2%26id%3D019ed8bf-1567-72ca-a538-9886e51a2dd2,application/x-votable+xml;content=datalink,,3300,3300,,,,,,,6.936e-07,8.188e-07,,i,phot.flux.density,,LSSTCam,,,5062,51,i,,deep_coadd - i - tract=5062 patch=51,52.08577380991411,-27.435758992765074,0.2592546069464195,POLYGON ICRS 51.982965 -27.527867 52.189679 -27.526895 52.188412 -27.343578 51.982042 -27.344543
image,lsst.deep_coadd,Rubin:Simonyi,3,,lsst_cells_v2-5062-60,LSST.DP2,ivo://org.rubinobs/usdac/lsst-dp2?repo=dp2&id=019ed8bf-f22e-7d71-a212-d9e399f85bec,https://data.lsst.cloud/api/datalink/links?ID=ivo%3A%2F%2Forg.rubinobs%2Flsst-dp2%3Frepo%3Ddp2%26id%3D019ed8bf-f22e-7d71-a212-d9e399f85bec,application/x-votable+xml;content=datalink,,3300,3300,,,,,,,6.936e-07,8.188e-07,,i,phot.flux.density,,LSSTCam,,,5062,60,i,,deep_coadd - i - tract=5062 patch=60,52.272253133300275,-27.268106022379133,0.25924364084442303,POLYGON ICRS 52.169764 -27.360344 52.376147 -27.359102 52.374572 -27.175797 52.168532 -27.177029
image,lsst.deep_coadd,Rubin:Simonyi,3,,lsst_cells_v2-5063-0,LSST.DP2,ivo://org.rubinobs/usdac/lsst-dp2?repo=dp2&id=019ed8bf-4d14-72c0-ba0d-2729e79e6e2b,https://data.lsst.cloud/api/datalink/links?ID=ivo%3A%2F%2Forg.rubinobs%2Flsst-dp2%3Frepo%3Ddp2%26id%3D019ed8bf-4d14-72c0-ba0d-2729e79e6e2b,application/x-votable+xml;content=datalink,,3300,3300,,,,,,,6.936e-07,8.188e-07,,i,phot.flux.density,,LSSTCam,,,5063,0,i,,deep_coadd - i - tract=5063 patch=0,53.938962945340435,-28.26794919692568,0.2592276335312582,POLYGON ICRS 53.835541 -28.360199 54.043815 -28.358904 54.042211 -28.175627 53.834287 -28.176912
image,lsst.deep_coadd,Rubin:Simonyi,3,,lsst_cells_v2-5063-1,LSST.DP2,ivo://org.rubinobs/usdac/lsst-dp2?repo=dp2&id=019ed8bf-198d-7c52-bffa-b228a2af391c,https://data.lsst.cloud/api/datalink/links?ID=ivo%3A%2F%2Forg.rubinobs%2Flsst-dp2%3Frepo%3Ddp2%26id%3D019ed8bf-198d-7c52-bffa-b228a2af391c,application/x-votable+xml;content=datalink,,3300,3300,,,,,,,6.936e-07,8.188e-07,,i,phot.flux.density,,LSSTCam,,,5063,1,i,,deep_coadd - i - tract=5063 patch=1,53.74977400688755,-28.268991629197323,0.25923625849190546,POLYGON ICRS 53.646184 -28.361101 53.854476 -28.360094 53.853190 -28.176808 53.645248 -28.177808
image,lsst.deep_coadd,Rubin:Simonyi,3,,lsst_cells_v2-5063-2,LSST.DP2,ivo://org.rubinobs/usdac/lsst-dp2?repo=dp2&id=019ed8bf-a05d-77ac-98be-7207eedcabcc,https://data.lsst.cloud/api/datalink/links?ID=ivo%3A%2F%2Forg.rubinobs%2Flsst-dp2%3Frepo%3Ddp2%26id%3D019ed8bf-a05d-77ac-98be-7207eedcabcc,application/x-votable+xml;content=datalink,,3300,3300,,,,,,,6.936e-07,8.188e-07,,i,phot.flux.density,,LSSTCam,,,5063,2,i,,deep_coadd - i - tract=5063 patch=2,53.56057062655663,-28.26977351867626,0.25924159453061574,POLYGON ICRS 53.456815 -28.361742 53.665121 -28.361023 53.664152 -28.177730 53.456196 -28.178444
image,lsst.deep_coadd,Rubin:Simonyi,3,,lsst_cells_v2-5063-3,LSST.DP2,ivo://org.rubinobs/usdac/lsst-dp2?repo=dp2&id=019ed8bf-8bf9-7394-8934-a005c08a963e,https://data.lsst.cloud/api/datalink/links?ID=ivo%3A%2F%2Forg.rubinobs%2Flsst-dp2%3Frepo%3Ddp2%26id%3D019ed8bf-8bf9-7394-8934-a005c08a963e,application/x-votable+xml;content=datalink,,3300,3300,,,,,,,6.936e-07,8.188e-07,,i,phot.flux.density,,LSSTCam,,,5063,3,i,,deep_coadd - i - tract=5063 patch=3,53.37135692944698,-28.27029480010858,0.25924364098479385,POLYGON ICRS 53.267438 -28.362121 53.475753 -28.361690 53.475102 -28.178392 53.267136 -28.178821
image,lsst.deep_coadd,Rubin:Simonyi,3,,lsst_cells_v2-5063-4,LSST.DP2,ivo://org.rubinobs/usdac/lsst-dp2?repo=dp2&id=019ed8c0-1425-7c30-9ae5-996f2bb8f00b,https://data.lsst.cloud/api/datalink/links?ID=ivo%3A%2F%2Forg.rubinobs%2Flsst-dp2%3Frepo%3Ddp2%26id%3D019ed8c0-1425-7c30-9ae5-996f2bb8f00b,application/x-votable+xml;content=datalink,,3300,3300,,,,,,,6.936e-07,8.188e-07,,i,phot.flux.density,,LSSTCam,,,5063,4,i,,deep_coadd - i - tract=5063 patch=4,53.182137042009565,-28.270555429977367,0.2592423974986492,POLYGON ICRS 53.078057 -28.362239 53.286376 -28.362095 53.286043 -28.178795 53.078073 -28.178937
image,lsst.deep_coadd,Rubin:Simonyi,3,,lsst_cells_v2-5063-5,LSST.DP2,ivo://org.rubinobs/usdac/lsst-dp2?repo=dp2&id=019ed8bf-445e-7e7c-b0d8-762b36486ac1,https://data.lsst.cloud/api/datalink/links?ID=ivo%3A%2F%2Forg.rubinobs%2Flsst-dp2%3Frepo%3Ddp2%26id%3D019ed8bf-445e-7e7c-b0d8-762b36486ac1,application/x-votable+xml;content=datalink,,3300,3300,,,,,,,6.936e-07,8.188e-07,,i,phot.flux.density,,LSSTCam,,,5063,5,i,,deep_coadd - i - tract=5063 patch=5,52.9929150914952,-28.270555386534088,0.25924239846581865,POLYGON ICRS 52.888676 -28.362095 53.096995 -28.362239 53.096979 -28.178937 52.889010 -28.178795
image,lsst.deep_coadd,Rubin:Simonyi,3,,lsst_cells_v2-5063-6,LSST.DP2,ivo://org.rubinobs/usdac/lsst-dp2?repo=dp2&id=019ed8bf-caf0-7760-86da-e11853617565,https://data.lsst.cloud/api/datalink/links?ID=ivo%3A%2F%2Forg.rubinobs%2Flsst-dp2%3Frepo%3Ddp2%26id%3D019ed8bf-caf0-7760-86da-e11853617565,application/x-votable+xml;content=datalink,,3300,3300,,,,,,,6.936e-07,8.188e-07,,i,phot.flux.density,,LSSTCam,,,5063,6,i,,deep_coadd - i - tract=5063 patch=6,52.803695205430095,-28.27029466977589,0.259243640849951,POLYGON ICRS 52.699299 -28.361690 52.907614 -28.362121 52.907916 -28.178821 52.699951 -28.178392
image,lsst.deep_coadd,Rubin:Simonyi,3,,lsst_cells_v2-5063-7,LSST.DP2,ivo://org.rubinobs/usdac/lsst-dp2?repo=dp2&id=019ed8bf-b693-7460-995b-b973218b71af,https://data.lsst.cloud/api/datalink/links?ID=ivo%3A%2F%2Forg.rubinobs%2Flsst-dp2%3Frepo%3Ddp2%26id%3D019ed8bf-b693-7460-995b-b973218b71af,application/x-votable+xml;content=datalink,,3300,3300,,,,,,,6.936e-07,8.188e-07,,i,phot.flux.density,,LSSTCam,,,5063,7,i,,deep_coadd - i - tract=5063 patch=7,52.61448151107627,-28.269773301462855,0.25924159330044716,POLYGON ICRS 52.509931 -28.361022 52.718237 -28.361742 52.718856 -28.178444 52.510900 -28.177730
image,lsst.deep_coadd,Rubin:Simonyi,3,,lsst_cells_v2-5063-8,LSST.DP2,ivo://org.rubinobs/usdac/lsst-dp2?repo=dp2&id=019ed8bf-8a3b-70d6-8403-453f5531406f,https://data.lsst.cloud/api/datalink/links?ID=ivo%3A%2F%2Forg.rubinobs%2Flsst-dp2%3Frepo%3Ddp2%26id%3D019ed8bf-8a3b-70d6-8403-453f5531406f,application/x-votable+xml;content=datalink,,3300,3300,,,,,,,6.936e-07,8.188e-07,,i,phot.flux.density,,LSSTCam,,,5063,8,i,,deep_coadd - i - tract=5063 patch=8,52.42527813486865,-28.268991325126088,0.25923625616362317,POLYGON ICRS 52.320576 -28.360094 52.528868 -28.361101 52.529805 -28.177808 52.321862 -28.176808
image,lsst.deep_coadd,Rubin:Simonyi,3,,lsst_cells_v2-5063-9,LSST.DP2,ivo://org.rubinobs/usdac/lsst-dp2?repo=dp2&id=019ed8c0-0b60-7337-8192-4a45f9f3465c,https://data.lsst.cloud/api/datalink/links?ID=ivo%3A%2F%2Forg.rubinobs%2Flsst-dp2%3Frepo%3Ddp2%26id%3D019ed8c0-0b60-7337-8192-4a45f9f3465c,application/x-votable+xml;content=datalink,,3300,3300,,,,,,,6.936e-07,8.188e-07,,i,phot.flux.density,,LSSTCam,,,5063,9,i,,deep_coadd - i - tract=5063 patch=9,52.2360892019173,-28.267948806015788,0.2592276303752342,POLYGON ICRS 52.131237 -28.358903 52.339511 -28.360198 52.340765 -28.176912 52.132841 -28.175627
image,lsst.deep_coadd,Rubin:Simonyi,3,,lsst_cells_v2-5063-10,LSST.DP2,ivo://org.rubinobs/usdac/lsst-dp2?repo=dp2&id=019ed8bf-f63f-784c-9e8c-2484bb67a036,https://data.lsst.cloud/api/datalink/links?ID=ivo%3A%2F%2Forg.rubinobs%2Flsst-dp2%3Frepo%3Ddp2%26id%3D019ed8bf-f63f-784c-9e8c-2484bb67a036,application/x-votable+xml;content=datalink,,3300,3300,,,,,,,6.936e-07,8.188e-07,,i,phot.flux.density,,LSSTCam,,,5063,10,i,,deep_coadd - i - tract=5063 patch=10,53.93766586760226,-28.10132396753622,0.2592362584958599,POLYGON ICRS 53.834401 -28.193575 54.042357 -28.192289 54.040758 -28.009000 53.833150 -28.010276
image,lsst.deep_coadd,Rubin:Simonyi,3,,lsst_cells_v2-5063-11,LSST.DP2,ivo://org.rubinobs/usdac/lsst-dp2?repo=dp2&id=019ed8bf-c93a-77fa-9707-2961771fbe7f,https://data.lsst.cloud/api/datalink/links?ID=ivo%3A%2F%2Forg.rubinobs%2Flsst-dp2%3Frepo%3Ddp2%26id%3D019ed8bf-c93a-77fa-9707-2961771fbe7f,application/x-votable+xml;content=datalink,,3300,3300,,,,,,,6.936e-07,8.188e-07,,i,phot.flux.density,,LSSTCam,,,5063,11,i,,deep_coadd - i - tract=5063 patch=11,53.74876509144367,-28.10235921324873,0.25924517630303245,POLYGON ICRS 53.645333 -28.194472 53.853307 -28.193471 53.852025 -28.010173 53.644399 -28.011166
image,lsst.deep_coadd,Rubin:Simonyi,3,,lsst_cells_v2-5063-12,LSST.DP2,ivo://org.rubinobs/usdac/lsst-dp2?repo=dp2&id=019ed8bf-b4e3-7fc8-a15f-63749683030d,https://data.lsst.cloud/api/datalink/links?ID=ivo%3A%2F%2Forg.rubinobs%2Flsst-dp2%3Frepo%3Ddp2%26id%3D019ed8bf-b4e3-7fc8-a15f-63749683030d,application/x-votable+xml;content=datalink,,3300,3300,,,,,,,6.936e-07,8.188e-07,,i,phot.flux.density,,LSSTCam,,,5063,12,i,,deep_coadd - i - tract=5063 patch=12,53.559849939316074,-28.103135712276423,0.2592516095697596,POLYGON ICRS 53.456252 -28.195108 53.664240 -28.194394 53.663274 -28.011089 53.455635 -28.011798
image,lsst.deep_coadd,Rubin:Simonyi,3,,lsst_cells_v2-5063-13,LSST.DP2,ivo://org.rubinobs/usdac/lsst-dp2?repo=dp2&id=019ed8bf-18fd-7aa1-815b-de93421ed943,https://data.lsst.cloud/api/datalink/links?ID=ivo%3A%2F%2Forg.rubinobs%2Flsst-dp2%3Frepo%3Ddp2%26id%3D019ed8bf-18fd-7aa1-815b-de93421ed943,application/x-votable+xml;content=datalink,,3300,3300,,,,,,,6.936e-07,8.188e-07,,i,phot.flux.density,,LSSTCam,,,5063,13,i,,deep_coadd - i - tract=5063 patch=13,53.370924517491765,-28.103653399878755,0.2592547530562691,POLYGON ICRS 53.267164 -28.195485 53.475161 -28.195056 53.474512 -28.011746 53.266863 -28.012172
image,lsst.deep_coadd,Rubin:Simonyi,3,,lsst_cells_v2-5063-14,LSST.DP2,ivo://org.rubinobs/usdac/lsst-dp2?repo=dp2&id=019ed8c0-09ad-791a-b7c6-4d02bbfe4e48,https://data.lsst.cloud/api/datalink/links?ID=ivo%3A%2F%2Forg.rubinobs%2Flsst-dp2%3Frepo%3Ddp2%26id%3D019ed8c0-09ad-791a-b7c6-4d02bbfe4e48,application/x-votable+xml;content=datalink,,3300,3300,,,,,,,6.936e-07,8.188e-07,,i,phot.flux.density,,LSSTCam,,,5063,14,i,,deep_coadd - i - tract=5063 patch=14,53.18199293358665,-28.103912232895514,0.2592546063471951,POLYGON ICRS 53.078071 -28.195602 53.286073 -28.195459 53.285740 -28.012146 53.078087 -28.012288
image,lsst.deep_coadd,Rubin:Simonyi,3,,lsst_cells_v2-5063-15,LSST.DP2,ivo://org.rubinobs/usdac/lsst-dp2?repo=dp2&id=019ed8bf-f486-7fa9-99a7-05d09d63bf4a,https://data.lsst.cloud/api/datalink/links?ID=ivo%3A%2F%2Forg.rubinobs%2Flsst-dp2%3Frepo%3Ddp2%26id%3D019ed8bf-f486-7fa9-99a7-05d09d63bf4a,application/x-votable+xml;content=datalink,,3300,3300,,,,,,,6.936e-07,8.188e-07,,i,phot.flux.density,,LSSTCam,,,5063,15,i,,deep_coadd - i - tract=5063 patch=15,52.9930592960229,-28.10391218974636,0.2592546069424319,POLYGON ICRS 52.888979 -28.195459 53.096981 -28.195602 53.096965 -28.012288 52.889312 -28.012146
image,lsst.deep_coadd,Rubin:Simonyi,3,,lsst_cells_v2-5063-16,LSST.DP2,ivo://org.rubinobs/usdac/lsst-dp2?repo=dp2&id=019ed8bf-5f3d-787b-8723-700133bae2e9,https://data.lsst.cloud/api/datalink/links?ID=ivo%3A%2F%2Forg.rubinobs%2Flsst-dp2%3Frepo%3Ddp2%26id%3D019ed8bf-5f3d-787b-8723-700133bae2e9,application/x-votable+xml;content=datalink,,3300,3300,,,,,,,6.936e-07,8.188e-07,,i,phot.flux.density,,LSSTCam,,,5063,16,i,,deep_coadd - i - tract=5063 patch=16,52.80412771348587,-28.103653270438397,0.25925475255072533,POLYGON ICRS 52.699892 -28.195056 52.907888 -28.195485 52.908189 -28.012172 52.700541 -28.011746
image,lsst.deep_coadd,Rubin:Simonyi,3,,lsst_cells_v2-5063-17,LSST.DP2,ivo://org.rubinobs/usdac/lsst-dp2?repo=dp2&id=019ed8bf-4ad9-7bb2-84dc-5ab670e408c0,https://data.lsst.cloud/api/datalink/links?ID=ivo%3A%2F%2Forg.rubinobs%2Flsst-dp2%3Frepo%3Ddp2%26id%3D019ed8bf-4ad9-7bb2-84dc-5ab670e408c0,application/x-votable+xml;content=datalink,,3300,3300,,,,,,,6.936e-07,8.188e-07,,i,phot.flux.density,,LSSTCam,,,5063,17,i,,deep_coadd - i - tract=5063 patch=17,52.61520229440266,-28.103135496561784,0.25925160797673347,POLYGON ICRS 52.510812 -28.194393 52.718800 -28.195108 52.719418 -28.011798 52.511778 -28.011088
image,lsst.deep_coadd,Rubin:Simonyi,3,,lsst_cells_v2-5063-18,LSST.DP2,ivo://org.rubinobs/usdac/lsst-dp2?repo=dp2&id=019ed8bf-1748-745e-ba0b-b458069ec912,https://data.lsst.cloud/api/datalink/links?ID=ivo%3A%2F%2Forg.rubinobs%2Flsst-dp2%3Frepo%3Ddp2%26id%3D019ed8bf-1748-745e-ba0b-b458069ec912,application/x-votable+xml;content=datalink,,3300,3300,,,,,,,6.936e-07,8.188e-07,,i,phot.flux.density,,LSSTCam,,,5063,18,i,,deep_coadd - i - tract=5063 patch=18,52.42628714638259,-28.102358911274614,0.2592451738735224,POLYGON ICRS 52.321745 -28.193471 52.529720 -28.194471 52.530654 -28.011166 52.323028 -28.010173
image,lsst.deep_coadd,Rubin:Simonyi,3,,lsst_cells_v2-5063-19,LSST.DP2,ivo://org.rubinobs/usdac/lsst-dp2?repo=dp2&id=019ed8bf-02c6-7d64-8ab0-67c244830d13,https://data.lsst.cloud/api/datalink/links?ID=ivo%3A%2F%2Forg.rubinobs%2Flsst-dp2%3Frepo%3Ddp2%26id%3D019ed8bf-02c6-7d64-8ab0-67c244830d13,application/x-votable+xml;content=datalink,,3300,3300,,,,,,,6.936e-07,8.188e-07,,i,phot.flux.density,,LSSTCam,,,5063,19,i,,deep_coadd - i - tract=5063 patch=19,52.23738637569702,-28.101323579328266,0.2592362549717349,POLYGON ICRS 52.132695 -28.192289 52.340651 -28.193575 52.341902 -28.010276 52.134294 -28.009000
image,lsst.deep_coadd,Rubin:Simonyi,3,,lsst_cells_v2-5063-20,LSST.DP2,ivo://org.rubinobs/usdac/lsst-dp2?repo=dp2&id=019ed8bf-89bd-785e-9129-45bc3630c192,https://data.lsst.cloud/api/datalink/links?ID=ivo%3A%2F%2Forg.rubinobs%2Flsst-dp2%3Frepo%3Ddp2%26id%3D019ed8bf-89bd-785e-9129-45bc3630c192,application/x-votable+xml;content=datalink,,3300,3300,,,,,,,6.936e-07,8.188e-07,,i,phot.flux.density,,LSSTCam,,,5063,20,i,,deep_coadd - i - tract=5063 patch=20,53.93637273569,-27.934688859694898,0.25924159453432993,POLYGON ICRS 53.833264 -28.026940 54.040903 -28.025663 54.039310 -27.842365 53.832017 -27.843632
image,lsst.deep_coadd,Rubin:Simonyi,3,,lsst_cells_v2-5063-21,LSST.DP2,ivo://org.rubinobs/usdac/lsst-dp2?repo=dp2&id=019ed8bf-5d8b-7573-83d2-4036fb7e85d4,https://data.lsst.cloud/api/datalink/links?ID=ivo%3A%2F%2Forg.rubinobs%2Flsst-dp2%3Frepo%3Ddp2%26id%3D019ed8bf-5d8b-7573-83d2-4036fb7e85d4,application/x-votable+xml;content=datalink,,3300,3300,,,,,,,6.936e-07,8.188e-07,,i,phot.flux.density,,LSSTCam,,,5063,21,i,,deep_coadd - i - tract=5063 patch=21,53.74775924548187,-27.935716922561692,0.2592516095701992,POLYGON ICRS 53.644483 -28.027831 53.852141 -28.026837 53.850863 -27.843530 53.643552 -27.844516
image,lsst.deep_coadd,Rubin:Simonyi,3,,lsst_cells_v2-5063-22,LSST.DP2,ivo://org.rubinobs/usdac/lsst-dp2?repo=dp2&id=019ed8bf-4223-7b8d-9a2b-b04d7612a7c4,https://data.lsst.cloud/api/datalink/links?ID=ivo%3A%2F%2Forg.rubinobs%2Flsst-dp2%3Frepo%3Ddp2%26id%3D019ed8bf-4223-7b8d-9a2b-b04d7612a7c4,application/x-votable+xml;content=datalink,,3300,3300,,,,,,,6.936e-07,8.188e-07,,i,phot.flux.density,,LSSTCam,,,5063,22,i,,deep_coadd - i - tract=5063 patch=22,53.559131444805374,-27.936488033915218,0.2592583355352,POLYGON ICRS 53.455691 -28.028463 53.663362 -28.027753 53.662399 -27.844439 53.455075 -27.845143
image,lsst.deep_coadd,Rubin:Simonyi,3,,lsst_cells_v2-5063-23,LSST.DP2,ivo://org.rubinobs/usdac/lsst-dp2?repo=dp2&id=019ed8bf-1592-7ac7-a49e-1d706f418afb,https://data.lsst.cloud/api/datalink/links?ID=ivo%3A%2F%2Forg.rubinobs%2Flsst-dp2%3Frepo%3Ddp2%26id%3D019ed8bf-1592-7ac7-a49e-1d706f418afb,application/x-votable+xml;content=datalink,,3300,3300,,,,,,,6.936e-07,8.188e-07,,i,phot.flux.density,,LSSTCam,,,5063,23,i,,deep_coadd - i - tract=5063 patch=23,53.37049342122683,-27.93700212954477,0.2592625760845584,POLYGON ICRS 53.266890 -28.028837 53.474571 -28.028411 53.473923 -27.845092 53.266590 -27.845514
image,lsst.deep_coadd,Rubin:Simonyi,3,,lsst_cells_v2-5063-24,LSST.DP2,ivo://org.rubinobs/usdac/lsst-dp2?repo=dp2&id=019ed8bf-b462-7644-8cc7-e6983e8eef6b,https://data.lsst.cloud/api/datalink/links?ID=ivo%3A%2F%2Forg.rubinobs%2Flsst-dp2%3Frepo%3Ddp2%26id%3D019ed8bf-b462-7644-8cc7-e6983e8eef6b,application/x-votable+xml;content=datalink,,3300,3300,,,,,,,6.936e-07,8.188e-07,,i,phot.flux.density,,LSSTCam,,,5063,24,i,,deep_coadd - i - tract=5063 patch=24,53.18184926365047,-27.937259166639038,0.2592635262734479,POLYGON ICRS 53.078086 -28.028953 53.285771 -28.028811 53.285439 -27.845489 53.078102 -27.845630
image,lsst.deep_coadd,Rubin:Simonyi,3,,lsst_cells_v2-5063-25,LSST.DP2,ivo://org.rubinobs/usdac/lsst-dp2?repo=dp2&id=019ed8bf-880e-7b48-825a-cf9596f1f10b,https://data.lsst.cloud/api/datalink/links?ID=ivo%3A%2F%2Forg.rubinobs%2Flsst-dp2%3Frepo%3Ddp2%26id%3D019ed8bf-880e-7b48-825a-cf9596f1f10b,application/x-votable+xml;content=datalink,,3300,3300,,,,,,,6.936e-07,8.188e-07,,i,phot.flux.density,,LSSTCam,,,5063,25,i,,deep_coadd - i - tract=5063 patch=25,52.99320306176984,-27.937259123792323,0.25926352650667883,POLYGON ICRS 52.889282 -28.028811 53.096966 -28.028953 53.096951 -27.845630 52.889613 -27.845489
image,lsst.deep_coadd,Rubin:Simonyi,3,,lsst_cells_v2-5063-26,LSST.DP2,ivo://org.rubinobs/usdac/lsst-dp2?repo=dp2&id=019ed8bf-6cd2-7475-8e0a-c836402b1c72,https://data.lsst.cloud/api/datalink/links?ID=ivo%3A%2F%2Forg.rubinobs%2Flsst-dp2%3Frepo%3Ddp2%26id%3D019ed8bf-6cd2-7475-8e0a-c836402b1c72,application/x-votable+xml;content=datalink,,3300,3300,,,,,,,6.936e-07,8.188e-07,,i,phot.flux.density,,LSSTCam,,,5063,26,i,,deep_coadd - i - tract=5063 patch=26,52.80455890555891,-27.9370020010044,0.25926257521974816,POLYGON ICRS 52.700482 -28.028411 52.908162 -28.028837 52.908462 -27.845514 52.701129 -27.845092
image,lsst.deep_coadd,Rubin:Simonyi,3,,lsst_cells_v2-5063-27,LSST.DP2,ivo://org.rubinobs/usdac/lsst-dp2?repo=dp2&id=019ed8bf-405f-7e18-b794-0cc8d5108bbb,https://data.lsst.cloud/api/datalink/links?ID=ivo%3A%2F%2Forg.rubinobs%2Flsst-dp2%3Frepo%3Ddp2%26id%3D019ed8bf-405f-7e18-b794-0cc8d5108bbb,application/x-votable+xml;content=datalink,,3300,3300,,,,,,,6.936e-07,8.188e-07,,i,phot.flux.density,,LSSTCam,,,5063,27,i,,deep_coadd - i - tract=5063 patch=27,52.615920884705304,-27.936487819693244,0.25925833384462194,POLYGON ICRS 52.511690 -28.027753 52.719361 -28.028463 52.719977 -27.845143 52.512653 -27.844439
image,lsst.deep_coadd,Rubin:Simonyi,3,,lsst_cells_v2-5063-28,LSST.DP2,ivo://org.rubinobs/usdac/lsst-dp2?repo=dp2&id=019ed8bf-c6fc-7d48-bbda-b1d647e00f15,https://data.lsst.cloud/api/datalink/links?ID=ivo%3A%2F%2Forg.rubinobs%2Flsst-dp2%3Frepo%3Ddp2%26id%3D019ed8bf-c6fc-7d48-bbda-b1d647e00f15,application/x-votable+xml;content=datalink,,3300,3300,,,,,,,6.936e-07,8.188e-07,,i,phot.flux.density,,LSSTCam,,,5063,28,i,,deep_coadd - i - tract=5063 patch=28,52.42729308811516,-27.935716622681664,0.2592516067805064,POLYGON ICRS 52.322911 -28.026837 52.530569 -28.027830 52.531500 -27.844515 52.324190 -27.843530
image,lsst.deep_coadd,Rubin:Simonyi,3,,lsst_cells_v2-5063-29,LSST.DP2,ivo://org.rubinobs/usdac/lsst-dp2?repo=dp2&id=019ed8bf-b2a6-7751-b526-89a071b6157d,https://data.lsst.cloud/api/datalink/links?ID=ivo%3A%2F%2Forg.rubinobs%2Flsst-dp2%3Frepo%3Ddp2%26id%3D019ed8bf-b2a6-7751-b526-89a071b6157d,application/x-votable+xml;content=datalink,,3300,3300,,,,,,,6.936e-07,8.188e-07,,i,phot.flux.density,,LSSTCam,,,5063,29,i,,deep_coadd - i - tract=5063 patch=29,52.23867960336338,-27.934688474179495,0.2592415906394755,POLYGON ICRS 52.134149 -28.025663 52.341788 -28.026940 52.343035 -27.843632 52.135743 -27.842365
image,lsst.deep_coadd,Rubin:Simonyi,3,,lsst_cells_v2-5063-30,LSST.DP2,ivo://org.rubinobs/usdac/lsst-dp2?repo=dp2&id=019ed8bf-7f64-7fec-8c92-0af0a8a7d707,https://data.lsst.cloud/api/datalink/links?ID=ivo%3A%2F%2Forg.rubinobs%2Flsst-dp2%3Frepo%3Ddp2%26id%3D019ed8bf-7f64-7fec-8c92-0af0a8a7d707,application/x-votable+xml;content=datalink,,3300,3300,,,,,,,6.936e-07,8.188e-07,,i,phot.flux.density,,LSSTCam,,,5063,30,i,,deep_coadd - i - tract=5063 patch=30,53.9350835316258,-27.76804669187941,0.2592436409779722,POLYGON ICRS 53.832130 -27.860297 54.039454 -27.859029 54.037865 -27.675724 53.830887 -27.676983
image,lsst.deep_coadd,Rubin:Simonyi,3,,lsst_cells_v2-5063-31,LSST.DP2,ivo://org.rubinobs/usdac/lsst-dp2?repo=dp2&id=019ed8bf-6b24-7697-9034-ca9a04e15eb5,https://data.lsst.cloud/api/datalink/links?ID=ivo%3A%2F%2Forg.rubinobs%2Flsst-dp2%3Frepo%3Ddp2%26id%3D019ed8bf-6b24-7697-9034-ca9a04e15eb5,application/x-votable+xml;content=datalink,,3300,3300,,,,,,,6.936e-07,8.188e-07,,i,phot.flux.density,,LSSTCam,,,5063,31,i,,deep_coadd - i - tract=5063 patch=31,53.74675645501622,-27.769067575875845,0.25925475305743045,POLYGON ICRS 53.643637 -27.861181 53.850979 -27.860195 53.849704 -27.676881 53.642708 -27.677860
image,lsst.deep_coadd,Rubin:Simonyi,3,,lsst_cells_v2-5063-32,LSST.DP2,ivo://org.rubinobs/usdac/lsst-dp2?repo=dp2&id=019ed8bf-f259-71f0-adcf-0940eb685413,https://data.lsst.cloud/api/datalink/links?ID=ivo%3A%2F%2Forg.rubinobs%2Flsst-dp2%3Frepo%3Ddp2%26id%3D019ed8bf-f259-71f0-adcf-0940eb685413,application/x-votable+xml;content=datalink,,3300,3300,,,,,,,6.936e-07,8.188e-07,,i,phot.flux.density,,LSSTCam,,,5063,32,i,,deep_coadd - i - tract=5063 patch=32,53.558415133030536,-27.769833302537606,0.25926257608428005,POLYGON ICRS 53.455131 -27.861809 53.662487 -27.861104 53.661527 -27.677784 53.454517 -27.678483
image,lsst.deep_coadd,Rubin:Simonyi,3,,lsst_cells_v2-5063-33,LSST.DP2,ivo://org.rubinobs/usdac/lsst-dp2?repo=dp2&id=019ed8bf-c547-7292-875c-5cf057abf4e7,https://data.lsst.cloud/api/datalink/links?ID=ivo%3A%2F%2Forg.rubinobs%2Flsst-dp2%3Frepo%3Ddp2%26id%3D019ed8bf-c547-7292-875c-5cf057abf4e7,application/x-votable+xml;content=datalink,,3300,3300,,,,,,,6.936e-07,8.188e-07,,i,phot.flux.density,,LSSTCam,,,5063,33,i,,deep_coadd - i - tract=5063 patch=33,53.37006363465927,-27.770343808183213,0.2592671092273835,POLYGON ICRS 53.266618 -27.862180 53.473982 -27.861758 53.473337 -27.678432 53.266319 -27.678852
image,lsst.deep_coadd,Rubin:Simonyi,3,,lsst_cells_v2-5063-34,LSST.DP2,ivo://org.rubinobs/usdac/lsst-dp2?repo=dp2&id=019ed8bf-aa01-7077-a7ab-d98e5eef6f55,https://data.lsst.cloud/api/datalink/links?ID=ivo%3A%2F%2Forg.rubinobs%2Flsst-dp2%3Frepo%3Ddp2%26id%3D019ed8bf-aa01-7077-a7ab-d98e5eef6f55,application/x-votable+xml;content=datalink,,3300,3300,,,,,,,6.936e-07,8.188e-07,,i,phot.flux.density,,LSSTCam,,,5063,34,i,,deep_coadd - i - tract=5063 patch=34,53.18170603020091,-27.7705990503479,0.2592691563673628,POLYGON ICRS 53.078100 -27.862296 53.285469 -27.862155 53.285139 -27.678826 53.078116 -27.678966
image,lsst.deep_coadd,Rubin:Simonyi,3,,lsst_cells_v2-5063-35,LSST.DP2,ivo://org.rubinobs/usdac/lsst-dp2?repo=dp2&id=019ed8bf-1511-76c3-909a-4dbb629719b7,https://data.lsst.cloud/api/datalink/links?ID=ivo%3A%2F%2Forg.rubinobs%2Flsst-dp2%3Frepo%3Ddp2%26id%3D019ed8bf-1511-76c3-909a-4dbb629719b7,application/x-votable+xml;content=datalink,,3300,3300,,,,,,,6.936e-07,8.188e-07,,i,phot.flux.density,,LSSTCam,,,5063,35,i,,deep_coadd - i - tract=5063 patch=35,52.993346390741735,-27.770599007800183,0.25926915623720903,POLYGON ICRS 52.889583 -27.862155 53.096952 -27.862296 53.096936 -27.678966 52.889914 -27.678826
image,lsst.deep_coadd,Rubin:Simonyi,3,,lsst_cells_v2-5063-36,LSST.DP2,ivo://org.rubinobs/usdac/lsst-dp2?repo=dp2&id=019ed8bf-008a-7d1a-9900-8f18dd363806,https://data.lsst.cloud/api/datalink/links?ID=ivo%3A%2F%2Forg.rubinobs%2Flsst-dp2%3Frepo%3Ddp2%26id%3D019ed8bf-008a-7d1a-9900-8f18dd363806,application/x-votable+xml;content=datalink,,3300,3300,,,,,,,6.936e-07,8.188e-07,,i,phot.flux.density,,LSSTCam,,,5063,36,i,,deep_coadd - i - tract=5063 patch=36,52.80498878764127,-27.77034368054271,0.25926710825893534,POLYGON ICRS 52.701070 -27.861757 52.908435 -27.862180 52.908734 -27.678852 52.701715 -27.678432
image,lsst.deep_coadd,Rubin:Simonyi,3,,lsst_cells_v2-5063-37,LSST.DP2,ivo://org.rubinobs/usdac/lsst-dp2?repo=dp2&id=019ed8bf-f09f-7e60-b3f6-eb7e07c9054b,https://data.lsst.cloud/api/datalink/links?ID=ivo%3A%2F%2Forg.rubinobs%2Flsst-dp2%3Frepo%3Ddp2%26id%3D019ed8bf-f09f-7e60-b3f6-eb7e07c9054b,application/x-votable+xml;content=datalink,,3300,3300,,,,,,,6.936e-07,8.188e-07,,i,phot.flux.density,,LSSTCam,,,5063,37,i,,deep_coadd - i - tract=5063 patch=37,52.61663729198103,-27.769833089812362,0.25926257402784286,POLYGON ICRS 52.512566 -27.861104 52.719921 -27.861809 52.720535 -27.678483 52.513526 -27.677783
image,lsst.deep_coadd,Rubin:Simonyi,3,,lsst_cells_v2-5063-38,LSST.DP2,ivo://org.rubinobs/usdac/lsst-dp2?repo=dp2&id=019ed8bf-dbf0-700d-8337-0a4616072300,https://data.lsst.cloud/api/datalink/links?ID=ivo%3A%2F%2Forg.rubinobs%2Flsst-dp2%3Frepo%3Ddp2%26id%3D019ed8bf-dbf0-700d-8337-0a4616072300,application/x-votable+xml;content=datalink,,3300,3300,,,,,,,6.936e-07,8.188e-07,,i,phot.flux.density,,LSSTCam,,,5063,38,i,,deep_coadd - i - tract=5063 patch=38,52.42829597406908,-27.769067278089096,0.25925474989672825,POLYGON ICRS 52.324074 -27.860194 52.531416 -27.861181 52.532344 -27.677860 52.325348 -27.676881
image,lsst.deep_coadd,Rubin:Simonyi,3,,lsst_cells_v2-5063-39,LSST.DP2,ivo://org.rubinobs/usdac/lsst-dp2?repo=dp2&id=019ed8bf-3fe0-7a1c-937e-f3e25958cfdc,https://data.lsst.cloud/api/datalink/links?ID=ivo%3A%2F%2Forg.rubinobs%2Flsst-dp2%3Frepo%3Ddp2%26id%3D019ed8bf-3fe0-7a1c-937e-f3e25958cfdc,application/x-votable+xml;content=datalink,,3300,3300,,,,,,,6.936e-07,8.188e-07,,i,phot.flux.density,,LSSTCam,,,5063,39,i,,deep_coadd - i - tract=5063 patch=39,52.23996890288228,-27.768046309049623,0.2592436367309841,POLYGON ICRS 52.135598 -27.859028 52.342922 -27.860297 52.344165 -27.676982 52.137187 -27.675724
image,lsst.deep_coadd,Rubin:Simonyi,3,,lsst_cells_v2-5063-40,LSST.DP2,ivo://org.rubinobs/usdac/lsst-dp2?repo=dp2&id=019ed8bf-1355-7165-89d7-a71088af10a4,https://data.lsst.cloud/api/datalink/links?ID=ivo%3A%2F%2Forg.rubinobs%2Flsst-dp2%3Frepo%3Ddp2%26id%3D019ed8bf-1355-7165-89d7-a71088af10a4,application/x-votable+xml;content=datalink,,3300,3300,,,,,,,6.936e-07,8.188e-07,,i,phot.flux.density,,LSSTCam,,,5063,40,i,,deep_coadd - i - tract=5063 patch=40,53.93379823754874,-27.601400283283066,0.2592423974954117,POLYGON ICRS 53.831000 -27.693648 54.038010 -27.692389 54.036425 -27.509081 53.829761 -27.510331
image,lsst.deep_coadd,Rubin:Simonyi,3,,lsst_cells_v2-5063-41,LSST.DP2,ivo://org.rubinobs/usdac/lsst-dp2?repo=dp2&id=019ed8be-fed1-710b-ad3a-d15e75cc0fe3,https://data.lsst.cloud/api/datalink/links?ID=ivo%3A%2F%2Forg.rubinobs%2Flsst-dp2%3Frepo%3Ddp2%26id%3D019ed8be-fed1-710b-ad3a-d15e75cc0fe3,application/x-votable+xml;content=datalink,,3300,3300,,,,,,,6.936e-07,8.188e-07,,i,phot.flux.density,,LSSTCam,,,5063,41,i,,deep_coadd - i - tract=5063 patch=41,53.745756706134046,-27.602413992643438,0.25925460634914615,POLYGON ICRS 53.642793 -27.694526 53.849820 -27.693546 53.848549 -27.510230 53.641867 -27.511202
image,lsst.deep_coadd,Rubin:Simonyi,3,,lsst_cells_v2-5063-42,LSST.DP2,ivo://org.rubinobs/usdac/lsst-dp2?repo=dp2&id=019ed8bf-85d9-74b3-b456-44a8a087af02,https://data.lsst.cloud/api/datalink/links?ID=ivo%3A%2F%2Forg.rubinobs%2Flsst-dp2%3Frepo%3Ddp2%26id%3D019ed8bf-85d9-74b3-b456-44a8a087af02,application/x-votable+xml;content=datalink,,3300,3300,,,,,,,6.936e-07,8.188e-07,,i,phot.flux.density,,LSSTCam,,,5063,42,i,,deep_coadd - i - tract=5063 patch=42,53.55770099405945,-27.603174337797828,0.25926352627566235,POLYGON ICRS 53.454573 -27.695149 53.661614 -27.694449 53.660657 -27.511126 53.453961 -27.511820
image,lsst.deep_coadd,Rubin:Simonyi,3,,lsst_cells_v2-5063-43,LSST.DP2,ivo://org.rubinobs/usdac/lsst-dp2?repo=dp2&id=019ed8bf-d2ec-79b3-b306-6b8607b2e594,https://data.lsst.cloud/api/datalink/links?ID=ivo%3A%2F%2Forg.rubinobs%2Flsst-dp2%3Frepo%3Ddp2%26id%3D019ed8bf-d2ec-79b3-b306-6b8607b2e594,application/x-votable+xml;content=datalink,,3300,3300,,,,,,,6.936e-07,8.188e-07,,i,phot.flux.density,,LSSTCam,,,5063,43,i,,deep_coadd - i - tract=5063 patch=43,53.369635151829144,-27.60368125558152,0.25926915637148695,POLYGON ICRS 53.266346 -27.695518 53.473396 -27.695098 53.472752 -27.511770 53.266048 -27.512186
image,lsst.deep_coadd,Rubin:Simonyi,3,,lsst_cells_v2-5063-44,LSST.DP2,ivo://org.rubinobs/usdac/lsst-dp2?repo=dp2&id=019ed8bf-3e29-700a-9373-8231ac38f40c,https://data.lsst.cloud/api/datalink/links?ID=ivo%3A%2F%2Forg.rubinobs%2Flsst-dp2%3Frepo%3Ddp2%26id%3D019ed8bf-3e29-700a-9373-8231ac38f40c,application/x-votable+xml;content=datalink,,3300,3300,,,,,,,6.936e-07,8.188e-07,,i,phot.flux.density,,LSSTCam,,,5063,44,i,,deep_coadd - i - tract=5063 patch=44,53.181563231252106,-27.603934703880924,0.25927149604238425,POLYGON ICRS 53.078115 -27.695633 53.285169 -27.695493 53.284839 -27.512161 53.078130 -27.512300
image,lsst.deep_coadd,Rubin:Simonyi,3,,lsst_cells_v2-5063-45,LSST.DP2,ivo://org.rubinobs/usdac/lsst-dp2?repo=dp2&id=019ed8bf-29be-74c2-bd97-a0415fc91a97,https://data.lsst.cloud/api/datalink/links?ID=ivo%3A%2F%2Forg.rubinobs%2Flsst-dp2%3Frepo%3Ddp2%26id%3D019ed8bf-29be-74c2-bd97-a0415fc91a97,application/x-votable+xml;content=datalink,,3300,3300,,,,,,,6.936e-07,8.188e-07,,i,phot.flux.density,,LSSTCam,,,5063,45,i,,deep_coadd - i - tract=5063 patch=45,52.99348928492162,-27.603934661630056,0.259271495809195,POLYGON ICRS 52.889884 -27.695493 53.096938 -27.695633 53.096922 -27.512300 52.890213 -27.512161
image,lsst.deep_coadd,Rubin:Simonyi,3,,lsst_cells_v2-5063-46,LSST.DP2,ivo://org.rubinobs/usdac/lsst-dp2?repo=dp2&id=019ed8bf-b071-7326-a2b6-6ca5d2a05621,https://data.lsst.cloud/api/datalink/links?ID=ivo%3A%2F%2Forg.rubinobs%2Flsst-dp2%3Frepo%3Ddp2%26id%3D019ed8bf-b071-7326-a2b6-6ca5d2a05621,application/x-votable+xml;content=datalink,,3300,3300,,,,,,,6.936e-07,8.188e-07,,i,phot.flux.density,,LSSTCam,,,5063,46,i,,deep_coadd - i - tract=5063 patch=46,52.80541736569021,-27.6036811288421,0.2592691550395983,POLYGON ICRS 52.701657 -27.695098 52.908707 -27.695518 52.909005 -27.512186 52.702300 -27.511769
image,lsst.deep_coadd,Rubin:Simonyi,3,,lsst_cells_v2-5063-47,LSST.DP2,ivo://org.rubinobs/usdac/lsst-dp2?repo=dp2&id=019ed8bf-7d23-7b7c-b4a9-56b80dbf5db6,https://data.lsst.cloud/api/datalink/links?ID=ivo%3A%2F%2Forg.rubinobs%2Flsst-dp2%3Frepo%3Ddp2%26id%3D019ed8bf-7d23-7b7c-b4a9-56b80dbf5db6,application/x-votable+xml;content=datalink,,3300,3300,,,,,,,6.936e-07,8.188e-07,,i,phot.flux.density,,LSSTCam,,,5063,47,i,,deep_coadd - i - tract=5063 patch=47,52.61735152616543,-27.603174126570615,0.2592635238476815,POLYGON ICRS 52.513439 -27.694449 52.720479 -27.695149 52.721091 -27.511820 52.514396 -27.511126
image,lsst.deep_coadd,Rubin:Simonyi,3,,lsst_cells_v2-5063-48,LSST.DP2,ivo://org.rubinobs/usdac/lsst-dp2?repo=dp2&id=019ed8bf-68e6-7beb-acea-99847c342c43,https://data.lsst.cloud/api/datalink/links?ID=ivo%3A%2F%2Forg.rubinobs%2Flsst-dp2%3Frepo%3Ddp2%26id%3D019ed8bf-68e6-7beb-acea-99847c342c43,application/x-votable+xml;content=datalink,,3300,3300,,,,,,,6.936e-07,8.188e-07,,i,phot.flux.density,,LSSTCam,,,5063,48,i,,deep_coadd - i - tract=5063 patch=48,52.42929581814349,-27.602413696948982,0.2592546028251907,POLYGON ICRS 52.325232 -27.693546 52.532260 -27.694525 52.533186 -27.511201 52.326503 -27.510229
image,lsst.deep_coadd,Rubin:Simonyi,3,,lsst_cells_v2-5063-49,LSST.DP2,ivo://org.rubinobs/usdac/lsst-dp2?repo=dp2&id=019ed8bf-3c6f-7963-8b02-813273978003,https://data.lsst.cloud/api/datalink/links?ID=ivo%3A%2F%2Forg.rubinobs%2Flsst-dp2%3Frepo%3Ddp2%26id%3D019ed8bf-3c6f-7963-8b02-813273978003,application/x-votable+xml;content=datalink,,3300,3300,,,,,,,6.936e-07,8.188e-07,,i,phot.flux.density,,LSSTCam,,,5063,49,i,,deep_coadd - i - tract=5063 patch=49,52.24125429212747,-27.601399903145733,0.25924239288092077,POLYGON ICRS 52.137043 -27.692388 52.344052 -27.693648 52.345292 -27.510330 52.138627 -27.509081
image,lsst.deep_coadd,Rubin:Simonyi,3,,lsst_cells_v2-5063-50,LSST.DP2,ivo://org.rubinobs/usdac/lsst-dp2?repo=dp2&id=019ed8bf-2809-795a-8872-0a74133eeda8,https://data.lsst.cloud/api/datalink/links?ID=ivo%3A%2F%2Forg.rubinobs%2Flsst-dp2%3Frepo%3Ddp2%26id%3D019ed8bf-2809-795a-8872-0a74133eeda8,application/x-votable+xml;content=datalink,,3300,3300,,,,,,,6.936e-07,8.188e-07,,i,phot.flux.density,,LSSTCam,,,5063,50,i,,deep_coadd - i - tract=5063 patch=50,53.93251683569404,-27.434752453524943,0.2592423984586819,POLYGON ICRS 53.829873 -27.526996 54.036569 -27.525745 54.034990 -27.342438 53.828638 -27.343678
image,lsst.deep_coadd,Rubin:Simonyi,3,,lsst_cells_v2-5063-51,LSST.DP2,ivo://org.rubinobs/usdac/lsst-dp2?repo=dp2&id=019ed8bf-a7d0-7f5f-b469-8c7317a543e4,https://data.lsst.cloud/api/datalink/links?ID=ivo%3A%2F%2Forg.rubinobs%2Flsst-dp2%3Frepo%3Ddp2%26id%3D019ed8bf-a7d0-7f5f-b469-8c7317a543e4,application/x-votable+xml;content=datalink,,3300,3300,,,,,,,6.936e-07,8.188e-07,,i,phot.flux.density,,LSSTCam,,,5063,51,i,,deep_coadd - i - tract=5063 patch=51,53.744759985032616,-27.435758992762803,0.2592546069473898,POLYGON ICRS 53.641951 -27.527867 53.848665 -27.526895 53.847398 -27.343578 53.641028 -27.344543
image,lsst.deep_coadd,Rubin:Simonyi,3,,lsst_cells_v2-5063-52,LSST.DP2,ivo://org.rubinobs/usdac/lsst-dp2?repo=dp2&id=019ed8bf-9381-7b5d-a711-fd5533d76227,https://data.lsst.cloud/api/datalink/links?ID=ivo%3A%2F%2Forg.rubinobs%2Flsst-dp2%3Frepo%3Ddp2%26id%3D019ed8bf-9381-7b5d-a711-fd5533d76227,application/x-votable+xml;content=datalink,,3300,3300,,,,,,,6.936e-07,8.188e-07,,i,phot.flux.density,,LSSTCam,,,5063,52,i,,deep_coadd - i - tract=5063 patch=52,53.55698901802497,-27.43651395979425,0.25926352650806705,POLYGON ICRS 53.454017 -27.528486 53.660744 -27.527792 53.659790 -27.344468 53.453407 -27.345157
image,lsst.deep_coadd,Rubin:Simonyi,3,,lsst_cells_v2-5063-53,LSST.DP2,ivo://org.rubinobs/usdac/lsst-dp2?repo=dp2&id=019ed8bf-6739-74ad-90ff-9e16d0f17d33,https://data.lsst.cloud/api/datalink/links?ID=ivo%3A%2F%2Forg.rubinobs%2Flsst-dp2%3Frepo%3Ddp2%26id%3D019ed8bf-6739-74ad-90ff-9e16d0f17d33,application/x-votable+xml;content=datalink,,3300,3300,,,,,,,6.936e-07,8.188e-07,,i,phot.flux.density,,LSSTCam,,,5063,53,i,,deep_coadd - i - tract=5063 patch=53,53.369207966816155,-27.43701729196723,0.25926915623414093,POLYGON ICRS 53.266075 -27.528853 53.472811 -27.528436 53.472170 -27.345107 53.265778 -27.345521
image,lsst.deep_coadd,Rubin:Simonyi,3,,lsst_cells_v2-5063-54,LSST.DP2,ivo://org.rubinobs/usdac/lsst-dp2?repo=dp2&id=019ed8bf-ee61-7642-b31d-70fbb6279d91,https://data.lsst.cloud/api/datalink/links?ID=ivo%3A%2F%2Forg.rubinobs%2Flsst-dp2%3Frepo%3Ddp2%26id%3D019ed8bf-ee61-7642-b31d-70fbb6279d91,application/x-votable+xml;content=datalink,,3300,3300,,,,,,,6.936e-07,8.188e-07,,i,phot.flux.density,,LSSTCam,,,5063,54,i,,deep_coadd - i - tract=5063 patch=54,53.18142086483033,-27.43726894752411,0.25927149580988923,POLYGON ICRS 53.078129 -27.528966 53.284869 -27.528827 53.284541 -27.345496 53.078145 -27.345634
image,lsst.deep_coadd,Rubin:Simonyi,3,,lsst_cells_v2-5063-55,LSST.DP2,ivo://org.rubinobs/usdac/lsst-dp2?repo=dp2&id=019ed8bf-d26c-7970-b3b1-dd85d63e4181,https://data.lsst.cloud/api/datalink/links?ID=ivo%3A%2F%2Forg.rubinobs%2Flsst-dp2%3Frepo%3Ddp2%26id%3D019ed8bf-d26c-7970-b3b1-dd85d63e4181,application/x-votable+xml;content=datalink,,3300,3300,,,,,,,6.936e-07,8.188e-07,,i,phot.flux.density,,LSSTCam,,,5063,55,i,,deep_coadd - i - tract=5063 patch=55,52.9936317462798,-27.43726890557229,0.25927149531082627,POLYGON ICRS 52.890183 -27.528827 53.096924 -27.528966 53.096908 -27.345634 52.890512 -27.345496
image,lsst.deep_coadd,Rubin:Simonyi,3,,lsst_cells_v2-5063-56,LSST.DP2,ivo://org.rubinobs/usdac/lsst-dp2?repo=dp2&id=019ed8bf-a61c-74fe-b709-7323fb7e5424,https://data.lsst.cloud/api/datalink/links?ID=ivo%3A%2F%2Forg.rubinobs%2Flsst-dp2%3Frepo%3Ddp2%26id%3D019ed8bf-a61c-74fe-b709-7323fb7e5424,application/x-votable+xml;content=datalink,,3300,3300,,,,,,,6.936e-07,8.188e-07,,i,phot.flux.density,,LSSTCam,,,5063,56,i,,deep_coadd - i - tract=5063 patch=56,52.805844645638196,-27.437017166120366,0.2592691549096325,POLYGON ICRS 52.702242 -27.528436 52.908978 -27.528853 52.909275 -27.345521 52.702883 -27.345107
image,lsst.deep_coadd,Rubin:Simonyi,3,,lsst_cells_v2-5063-57,LSST.DP2,ivo://org.rubinobs/usdac/lsst-dp2?repo=dp2&id=019ed8bf-91c5-7247-bdbb-a08cfbe2df6e,https://data.lsst.cloud/api/datalink/links?ID=ivo%3A%2F%2Forg.rubinobs%2Flsst-dp2%3Frepo%3Ddp2%26id%3D019ed8bf-91c5-7247-bdbb-a08cfbe2df6e,application/x-votable+xml;content=datalink,,3300,3300,,,,,,,6.936e-07,8.188e-07,,i,phot.flux.density,,LSSTCam,,,5063,57,i,,deep_coadd - i - tract=5063 patch=57,52.618063597116226,-27.436513750057404,0.25926352408504916,POLYGON ICRS 52.514309 -27.527791 52.721036 -27.528486 52.721646 -27.345157 52.515263 -27.344468
image,lsst.deep_coadd,Rubin:Simonyi,3,,lsst_cells_v2-5063-58,LSST.DP2,ivo://org.rubinobs/usdac/lsst-dp2?repo=dp2&id=019ed8be-fc91-7909-9377-e0e790727d33,https://data.lsst.cloud/api/datalink/links?ID=ivo%3A%2F%2Forg.rubinobs%2Flsst-dp2%3Frepo%3Ddp2%26id%3D019ed8be-fc91-7909-9377-e0e790727d33,application/x-votable+xml;content=datalink,,3300,3300,,,,,,,6.936e-07,8.188e-07,,i,phot.flux.density,,LSSTCam,,,5063,58,i,,deep_coadd - i - tract=5063 patch=58,52.43029263414903,-27.435758699159642,0.2592546034232252,POLYGON ICRS 52.326388 -27.526894 52.533101 -27.527867 52.534024 -27.344543 52.327655 -27.343578
image,lsst.deep_coadd,Rubin:Simonyi,3,,lsst_cells_v2-5063-59,LSST.DP2,ivo://org.rubinobs/usdac/lsst-dp2?repo=dp2&id=019ed8bf-e582-7c7f-8d37-5b0a65ea5a85,https://data.lsst.cloud/api/datalink/links?ID=ivo%3A%2F%2Forg.rubinobs%2Flsst-dp2%3Frepo%3Ddp2%26id%3D019ed8bf-e582-7c7f-8d37-5b0a65ea5a85,application/x-votable+xml;content=datalink,,3300,3300,,,,,,,6.936e-07,8.188e-07,,i,phot.flux.density,,LSSTCam,,,5063,59,i,,deep_coadd - i - tract=5063 patch=59,52.24253578886361,-27.4347520760816,0.2592423938465974,POLYGON ICRS 52.138483 -27.525745 52.345179 -27.526995 52.346415 -27.343678 52.140063 -27.342437
image,lsst.deep_coadd,Rubin:Simonyi,3,,lsst_cells_v2-5063-61,LSST.DP2,ivo://org.rubinobs/usdac/lsst-dp2?repo=dp2&id=019ed8bf-3bec-7ac1-af16-ec897b2a5711,https://data.lsst.cloud/api/datalink/links?ID=ivo%3A%2F%2Forg.rubinobs%2Flsst-dp2%3Frepo%3Ddp2%26id%3D019ed8bf-3bec-7ac1-af16-ec897b2a5711,application/x-votable+xml;content=datalink,,3300,3300,,,,,,,6.936e-07,8.188e-07,,i,phot.flux.density,,LSSTCam,,,5063,61,i,,deep_coadd - i - tract=5063 patch=61,53.74376627796853,-27.269105396262407,0.25925475255271196,POLYGON ICRS 53.641112 -27.361209 53.847513 -27.360243 53.846250 -27.176930 53.640192 -27.177888
image,lsst.deep_coadd,Rubin:Simonyi,3,,lsst_cells_v2-5063-62,LSST.DP2,ivo://org.rubinobs/usdac/lsst-dp2?repo=dp2&id=019ed8bf-2785-7a45-83eb-9efc814cf4a8,https://data.lsst.cloud/api/datalink/links?ID=ivo%3A%2F%2Forg.rubinobs%2Flsst-dp2%3Frepo%3Ddp2%26id%3D019ed8bf-2785-7a45-83eb-9efc814cf4a8,application/x-votable+xml;content=datalink,,3300,3300,,,,,,,6.936e-07,8.188e-07,,i,phot.flux.density,,LSSTCam,,,5063,62,i,,deep_coadd - i - tract=5063 patch=62,53.55627919511586,-27.26985498874355,0.259262575217745,POLYGON ICRS 53.453462 -27.361824 53.659876 -27.361134 53.658925 -27.177813 53.452854 -27.178498
image,lsst.deep_coadd,Rubin:Simonyi,3,,lsst_cells_v2-5063-63,LSST.DP2,ivo://org.rubinobs/usdac/lsst-dp2?repo=dp2&id=019ed8be-fad2-7b35-a72e-e311af1b4e0f,https://data.lsst.cloud/api/datalink/links?ID=ivo%3A%2F%2Forg.rubinobs%2Flsst-dp2%3Frepo%3Ddp2%26id%3D019ed8be-fad2-7b35-a72e-e311af1b4e0f,application/x-votable+xml;content=datalink,,3300,3300,,,,,,,6.936e-07,8.188e-07,,i,phot.flux.density,,LSSTCam,,,5063,63,i,,deep_coadd - i - tract=5063 patch=63,53.368782073733904,-27.270354737699044,0.25926710825962695,POLYGON ICRS 53.265805 -27.362187 53.472228 -27.361773 53.471588 -27.178448 53.265508 -27.178858
image,lsst.deep_coadd,Rubin:Simonyi,3,,lsst_cells_v2-5063-64,LSST.DP2,ivo://org.rubinobs/usdac/lsst-dp2?repo=dp2&id=019ed8bf-fc67-7a99-9835-59da0eb9b2a9,https://data.lsst.cloud/api/datalink/links?ID=ivo%3A%2F%2Forg.rubinobs%2Flsst-dp2%3Frepo%3Ddp2%26id%3D019ed8bf-fc67-7a99-9835-59da0eb9b2a9,application/x-votable+xml;content=datalink,,3300,3300,,,,,,,6.936e-07,8.188e-07,,i,phot.flux.density,,LSSTCam,,,5063,64,i,,deep_coadd - i - tract=5063 patch=64,53.18127892897513,-27.27060460170781,0.25926915504033266,POLYGON ICRS 53.078143 -27.362300 53.284571 -27.362162 53.284243 -27.178834 53.078159 -27.178970
image,lsst.deep_coadd,Rubin:Simonyi,3,,lsst_cells_v2-5063-65,LSST.DP2,ivo://org.rubinobs/usdac/lsst-dp2?repo=dp2&id=019ed8bf-66ba-7318-898d-49423c7912b9,https://data.lsst.cloud/api/datalink/links?ID=ivo%3A%2F%2Forg.rubinobs%2Flsst-dp2%3Frepo%3Ddp2%26id%3D019ed8bf-66ba-7318-898d-49423c7912b9,application/x-votable+xml;content=datalink,,3300,3300,,,,,,,6.936e-07,8.188e-07,,i,phot.flux.density,,LSSTCam,,,5063,65,i,,deep_coadd - i - tract=5063 patch=65,52.99377377679408,-27.270604560054927,0.2592691549105357,POLYGON ICRS 52.890482 -27.362162 53.096909 -27.362300 53.096894 -27.178970 52.890810 -27.178834
image,lsst.deep_coadd,Rubin:Simonyi,3,,lsst_cells_v2-5063-66,LSST.DP2,ivo://org.rubinobs/usdac/lsst-dp2?repo=dp2&id=019ed8bf-3a2a-7b3f-bacf-3c69b045c1e7,https://data.lsst.cloud/api/datalink/links?ID=ivo%3A%2F%2Forg.rubinobs%2Flsst-dp2%3Frepo%3Ddp2%26id%3D019ed8bf-3a2a-7b3f-bacf-3c69b045c1e7,application/x-votable+xml;content=datalink,,3300,3300,,,,,,,6.936e-07,8.188e-07,,i,phot.flux.density,,LSSTCam,,,5063,66,i,,deep_coadd - i - tract=5063 patch=66,52.80627063337496,-27.270354612748037,0.2592671070342443,POLYGON ICRS 52.702825 -27.361773 52.909248 -27.362187 52.909544 -27.178858 52.703464 -27.178448
image,lsst.deep_coadd,Rubin:Simonyi,3,,lsst_cells_v2-5063-67,LSST.DP2,ivo://org.rubinobs/usdac/lsst-dp2?repo=dp2&id=019ed8bf-25cb-7835-ab26-8a88bc66780c,https://data.lsst.cloud/api/datalink/links?ID=ivo%3A%2F%2Forg.rubinobs%2Flsst-dp2%3Frepo%3Ddp2%26id%3D019ed8bf-25cb-7835-ab26-8a88bc66780c,application/x-votable+xml;content=datalink,,3300,3300,,,,,,,6.936e-07,8.188e-07,,i,phot.flux.density,,LSSTCam,,,5063,67,i,,deep_coadd - i - tract=5063 patch=67,52.618773514665534,-27.269854780500346,0.25926257315673806,POLYGON ICRS 52.515176 -27.361133 52.721590 -27.361823 52.722199 -27.178497 52.516127 -27.177813
image,lsst.deep_coadd,Rubin:Simonyi,3,,lsst_cells_v2-5063-68,LSST.DP2,ivo://org.rubinobs/usdac/lsst-dp2?repo=dp2&id=019ed8c0-0f7a-7329-a752-f8e8a3f7bdea,https://data.lsst.cloud/api/datalink/links?ID=ivo%3A%2F%2Forg.rubinobs%2Flsst-dp2%3Frepo%3Ddp2%26id%3D019ed8c0-0f7a-7329-a752-f8e8a3f7bdea,application/x-votable+xml;content=datalink,,3300,3300,,,,,,,6.936e-07,8.188e-07,,i,phot.flux.density,,LSSTCam,,,5063,68,i,,deep_coadd - i - tract=5063 patch=68,52.43128643582872,-27.26910510475032,0.25925474939908466,POLYGON ICRS 52.327540 -27.360243 52.533941 -27.361209 52.534861 -27.177888 52.328803 -27.176929
image,lsst.deep_coadd,Rubin:Simonyi,3,,lsst_cells_v2-5063-69,LSST.DP2,ivo://org.rubinobs/usdac/lsst-dp2?repo=dp2&id=019ed8bf-fa90-713a-94cc-1031a20147ba,https://data.lsst.cloud/api/datalink/links?ID=ivo%3A%2F%2Forg.rubinobs%2Flsst-dp2%3Frepo%3Ddp2%26id%3D019ed8bf-fa90-713a-94cc-1031a20147ba,application/x-votable+xml;content=datalink,,3300,3300,,,,,,,6.936e-07,8.188e-07,,i,phot.flux.density,,LSSTCam,,,5063,69,i,,deep_coadd - i - tract=5063 patch=69,52.243813410737715,-27.268105647618817,0.2592436365904704,POLYGON ICRS 52.139919 -27.359102 52.346303 -27.360343 52.347534 -27.177029 52.141494 -27.175797
image,lsst.deep_coadd,Rubin:Simonyi,3,,lsst_cells_v2-5063-72,LSST.DP2,ivo://org.rubinobs/usdac/lsst-dp2?repo=dp2&id=019ed8bf-1d12-7107-b9bc-0eaf94183629,https://data.lsst.cloud/api/datalink/links?ID=ivo%3A%2F%2Forg.rubinobs%2Flsst-dp2%3Frepo%3Ddp2%26id%3D019ed8bf-1d12-7107-b9bc-0eaf94183629,application/x-votable+xml;content=datalink,,3300,3300,,,,,,,6.936e-07,8.188e-07,,i,phot.flux.density,,LSSTCam,,,5063,72,i,,deep_coadd - i - tract=5063 patch=72,53.55557151557824,-27.103200244743128,0.2592583338411968,POLYGON ICRS 53.452909 -27.195163 53.659012 -27.194478 53.658063 -27.011164 53.452303 -27.011844
image,lsst.deep_coadd,Rubin:Simonyi,3,,lsst_cells_v2-5063-73,LSST.DP2,ivo://org.rubinobs/usdac/lsst-dp2?repo=dp2&id=019ed8bf-a3e4-7ebe-be3d-89e81b6b6266,https://data.lsst.cloud/api/datalink/links?ID=ivo%3A%2F%2Forg.rubinobs%2Flsst-dp2%3Frepo%3Ddp2%26id%3D019ed8bf-a3e4-7ebe-be3d-89e81b6b6266,application/x-votable+xml;content=datalink,,3300,3300,,,,,,,6.936e-07,8.188e-07,,i,phot.flux.density,,LSSTCam,,,5063,73,i,,deep_coadd - i - tract=5063 patch=73,53.36835746672153,-27.10369641299694,0.2592625740235363,POLYGON ICRS 53.265535 -27.195524 53.471646 -27.195114 53.471009 -27.011794 53.265240 -27.012202
image,lsst.deep_coadd,Rubin:Simonyi,3,,lsst_cells_v2-5063-74,LSST.DP2,ivo://org.rubinobs/usdac/lsst-dp2?repo=dp2&id=019ed8bf-8f89-7338-80b4-c4c4956a1bab,https://data.lsst.cloud/api/datalink/links?ID=ivo%3A%2F%2Forg.rubinobs%2Flsst-dp2%3Frepo%3Ddp2%26id%3D019ed8bf-8f89-7338-80b4-c4c4956a1bab,application/x-votable+xml;content=datalink,,3300,3300,,,,,,,6.936e-07,8.188e-07,,i,phot.flux.density,,LSSTCam,,,5063,74,i,,deep_coadd - i - tract=5063 patch=74,53.18113742173633,-27.103944486716692,0.2592635238485868,POLYGON ICRS 53.078157 -27.195637 53.284273 -27.195500 53.283947 -27.012177 53.078173 -27.012313
image,lsst.deep_coadd,Rubin:Simonyi,3,,lsst_cells_v2-5063-75,LSST.DP2,ivo://org.rubinobs/usdac/lsst-dp2?repo=dp2&id=019ed8bf-635a-7125-9e9a-48d6967829fd,https://data.lsst.cloud/api/datalink/links?ID=ivo%3A%2F%2Forg.rubinobs%2Flsst-dp2%3Frepo%3Ddp2%26id%3D019ed8bf-635a-7125-9e9a-48d6967829fd,application/x-votable+xml;content=datalink,,3300,3300,,,,,,,6.936e-07,8.188e-07,,i,phot.flux.density,,LSSTCam,,,5063,75,i,,deep_coadd - i - tract=5063 patch=75,52.99391537840223,-27.103944445361382,0.2592635240859675,POLYGON ICRS 52.890780 -27.195500 53.096895 -27.195637 53.096880 -27.012313 52.891106 -27.012177
image,lsst.deep_coadd,Rubin:Simonyi,3,,lsst_cells_v2-5063-76,LSST.DP2,ivo://org.rubinobs/usdac/lsst-dp2?repo=dp2&id=019ed8bf-47ee-779c-bf56-713ef9ded145,https://data.lsst.cloud/api/datalink/links?ID=ivo%3A%2F%2Forg.rubinobs%2Flsst-dp2%3Frepo%3Ddp2%26id%3D019ed8bf-47ee-779c-bf56-713ef9ded145,application/x-votable+xml;content=datalink,,3300,3300,,,,,,,6.936e-07,8.188e-07,,i,phot.flux.density,,LSSTCam,,,5063,76,i,,deep_coadd - i - tract=5063 patch=76,52.80669533474813,-27.10369628894057,0.25926257315971724,POLYGON ICRS 52.703406 -27.195113 52.909517 -27.195524 52.909813 -27.012202 52.704044 -27.011794
image,lsst.deep_coadd,Rubin:Simonyi,3,,lsst_cells_v2-5063-77,LSST.DP2,ivo://org.rubinobs/usdac/lsst-dp2?repo=dp2&id=019ed8bf-ce86-7e98-ba1a-901107e8c753,https://data.lsst.cloud/api/datalink/links?ID=ivo%3A%2F%2Forg.rubinobs%2Flsst-dp2%3Frepo%3Ddp2%26id%3D019ed8bf-ce86-7e98-ba1a-901107e8c753,application/x-votable+xml;content=datalink,,3300,3300,,,,,,,6.936e-07,8.188e-07,,i,phot.flux.density,,LSSTCam,,,5063,77,i,,deep_coadd - i - tract=5063 patch=77,52.61948128855662,-27.103200037996235,0.25925833187911007,POLYGON ICRS 52.516041 -27.194478 52.722143 -27.195163 52.722750 -27.011843 52.516989 -27.011164
image,lsst.deep_coadd,Rubin:Simonyi,3,,lsst_cells_v2-5063-78,LSST.DP2,ivo://org.rubinobs/usdac/lsst-dp2?repo=dp2&id=019ed8bf-a232-7c2e-89a1-4912d2702ad5,https://data.lsst.cloud/api/datalink/links?ID=ivo%3A%2F%2Forg.rubinobs%2Flsst-dp2%3Frepo%3Ddp2%26id%3D019ed8bf-a232-7c2e-89a1-4912d2702ad5,application/x-votable+xml;content=datalink,,3300,3300,,,,,,,6.936e-07,8.188e-07,,i,phot.flux.density,,LSSTCam,,,5063,78,i,,deep_coadd - i - tract=5063 patch=78,52.43227723683015,-27.102455733607925,0.25925160518081747,POLYGON ICRS 52.328688 -27.193594 52.534777 -27.194553 52.535694 -27.011238 52.329947 -27.010287
image,lsst.deep_coadd,Rubin:Simonyi,3,,lsst_cells_v2-5064-8,LSST.DP2,ivo://org.rubinobs/usdac/lsst-dp2?repo=dp2&id=019ed8bf-43ec-7717-87dd-c3bf2ccad3ea,https://data.lsst.cloud/api/datalink/links?ID=ivo%3A%2F%2Forg.rubinobs%2Flsst-dp2%3Frepo%3Ddp2%26id%3D019ed8bf-43ec-7717-87dd-c3bf2ccad3ea,application/x-votable+xml;content=datalink,,3300,3300,,,,,,,6.936e-07,8.188e-07,,i,phot.flux.density,,LSSTCam,,,5064,8,i,,deep_coadd - i - tract=5064 patch=8,54.084264309983425,-28.26899132512476,0.2592362561611535,POLYGON ICRS 53.979562 -28.360094 54.187854 -28.361101 54.188791 -28.177808 53.980848 -28.176808
image,lsst.deep_coadd,Rubin:Simonyi,3,,lsst_cells_v2-5064-9,LSST.DP2,ivo://org.rubinobs/usdac/lsst-dp2?repo=dp2&id=019ed8bf-1759-781e-9662-050a0975364e,https://data.lsst.cloud/api/datalink/links?ID=ivo%3A%2F%2Forg.rubinobs%2Flsst-dp2%3Frepo%3Ddp2%26id%3D019ed8bf-1759-781e-9662-050a0975364e,application/x-votable+xml;content=datalink,,3300,3300,,,,,,,6.936e-07,8.188e-07,,i,phot.flux.density,,LSSTCam,,,5064,9,i,,deep_coadd - i - tract=5064 patch=9,53.895075377032775,-28.26794880601463,0.2592276303765848,POLYGON ICRS 53.790223 -28.358903 53.998497 -28.360198 53.999751 -28.176912 53.791827 -28.175627
image,lsst.deep_coadd,Rubin:Simonyi,3,,lsst_cells_v2-5064-18,LSST.DP2,ivo://org.rubinobs/usdac/lsst-dp2?repo=dp2&id=019ed8bf-f419-7494-a5d0-121fc0ef846e,https://data.lsst.cloud/api/datalink/links?ID=ivo%3A%2F%2Forg.rubinobs%2Flsst-dp2%3Frepo%3Ddp2%26id%3D019ed8bf-f419-7494-a5d0-121fc0ef846e,application/x-votable+xml;content=datalink,,3300,3300,,,,,,,6.936e-07,8.188e-07,,i,phot.flux.density,,LSSTCam,,,5064,18,i,,deep_coadd - i - tract=5064 patch=18,54.08527332149812,-28.102358911276415,0.2592451738706125,POLYGON ICRS 53.980732 -28.193471 54.188706 -28.194471 54.189640 -28.011166 53.982014 -28.010173
image,lsst.deep_coadd,Rubin:Simonyi,3,,lsst_cells_v2-5064-19,LSST.DP2,ivo://org.rubinobs/usdac/lsst-dp2?repo=dp2&id=019ed8bf-d858-7121-97da-46a65d00ac60,https://data.lsst.cloud/api/datalink/links?ID=ivo%3A%2F%2Forg.rubinobs%2Flsst-dp2%3Frepo%3Ddp2%26id%3D019ed8bf-d858-7121-97da-46a65d00ac60,application/x-votable+xml;content=datalink,,3300,3300,,,,,,,6.936e-07,8.188e-07,,i,phot.flux.density,,LSSTCam,,,5064,19,i,,deep_coadd - i - tract=5064 patch=19,53.89637255081408,-28.101323579326344,0.2592362549722142,POLYGON ICRS 53.791681 -28.192289 53.999638 -28.193575 54.000888 -28.010276 53.793280 -28.009000
image,lsst.deep_coadd,Rubin:Simonyi,3,,lsst_cells_v2-5064-28,LSST.DP2,ivo://org.rubinobs/usdac/lsst-dp2?repo=dp2&id=019ed8bf-e9a9-7949-a17e-51a54351c57a,https://data.lsst.cloud/api/datalink/links?ID=ivo%3A%2F%2Forg.rubinobs%2Flsst-dp2%3Frepo%3Ddp2%26id%3D019ed8bf-e9a9-7949-a17e-51a54351c57a,application/x-votable+xml;content=datalink,,3300,3300,,,,,,,6.936e-07,8.188e-07,,i,phot.flux.density,,LSSTCam,,,5064,28,i,,deep_coadd - i - tract=5064 patch=28,54.08627926322914,-27.93571662268556,0.2592516067765452,POLYGON ICRS 53.981897 -28.026837 54.189555 -28.027830 54.190486 -27.844515 53.983176 -27.843530
image,lsst.deep_coadd,Rubin:Simonyi,3,,lsst_cells_v2-5064-29,LSST.DP2,ivo://org.rubinobs/usdac/lsst-dp2?repo=dp2&id=019ed8bf-d4bc-703f-9449-0501c7d21b4e,https://data.lsst.cloud/api/datalink/links?ID=ivo%3A%2F%2Forg.rubinobs%2Flsst-dp2%3Frepo%3Ddp2%26id%3D019ed8bf-d4bc-703f-9449-0501c7d21b4e,application/x-votable+xml;content=datalink,,3300,3300,,,,,,,6.936e-07,8.188e-07,,i,phot.flux.density,,LSSTCam,,,5064,29,i,,deep_coadd - i - tract=5064 patch=29,53.8976657784758,-27.934688474176117,0.259241590647785,POLYGON ICRS 53.793135 -28.025663 54.000775 -28.026940 54.002022 -27.843632 53.794729 -27.842365
image,lsst.deep_coadd,Rubin:Simonyi,3,,lsst_cells_v2-5064-38,LSST.DP2,ivo://org.rubinobs/usdac/lsst-dp2?repo=dp2&id=019ed8bf-9549-7489-abce-410405b74ef8,https://data.lsst.cloud/api/datalink/links?ID=ivo%3A%2F%2Forg.rubinobs%2Flsst-dp2%3Frepo%3Ddp2%26id%3D019ed8bf-9549-7489-abce-410405b74ef8,application/x-votable+xml;content=datalink,,3300,3300,,,,,,,6.936e-07,8.188e-07,,i,phot.flux.density,,LSSTCam,,,5064,38,i,,deep_coadd - i - tract=5064 patch=38,54.08728214918554,-27.769067278086972,0.2592547498982295,POLYGON ICRS 53.983060 -27.860194 54.190402 -27.861181 54.191330 -27.677860 53.984334 -27.676881
image,lsst.deep_coadd,Rubin:Simonyi,3,,lsst_cells_v2-5064-39,LSST.DP2,ivo://org.rubinobs/usdac/lsst-dp2?repo=dp2&id=019ed8bf-68f7-700f-865c-874df3b729ee,https://data.lsst.cloud/api/datalink/links?ID=ivo%3A%2F%2Forg.rubinobs%2Flsst-dp2%3Frepo%3Ddp2%26id%3D019ed8bf-68f7-700f-865c-874df3b729ee,application/x-votable+xml;content=datalink,,3300,3300,,,,,,,6.936e-07,8.188e-07,,i,phot.flux.density,,LSSTCam,,,5064,39,i,,deep_coadd - i - tract=5064 patch=39,53.898955077999986,-27.768046309051478,0.25924363672528444,POLYGON ICRS 53.794584 -27.859028 54.001908 -27.860297 54.003151 -27.676982 53.796173 -27.675724
image,lsst.deep_coadd,Rubin:Simonyi,3,,lsst_cells_v2-5064-48,LSST.DP2,ivo://org.rubinobs/usdac/lsst-dp2?repo=dp2&id=019ed8bf-8ad6-73d3-a01d-a4f8a18c15b1,https://data.lsst.cloud/api/datalink/links?ID=ivo%3A%2F%2Forg.rubinobs%2Flsst-dp2%3Frepo%3Ddp2%26id%3D019ed8bf-8ad6-73d3-a01d-a4f8a18c15b1,application/x-votable+xml;content=datalink,,3300,3300,,,,,,,6.936e-07,8.188e-07,,i,phot.flux.density,,LSSTCam,,,5064,48,i,,deep_coadd - i - tract=5064 patch=48,54.08828199325569,-27.602413696954958,0.2592546028204705,POLYGON ICRS 53.984219 -27.693546 54.191246 -27.694525 54.192172 -27.511201 53.985489 -27.510229
image,lsst.deep_coadd,Rubin:Simonyi,3,,lsst_cells_v2-5064-49,LSST.DP2,ivo://org.rubinobs/usdac/lsst-dp2?repo=dp2&id=019ed8c0-1309-7a4b-a6c1-e4e4343637cd,https://data.lsst.cloud/api/datalink/links?ID=ivo%3A%2F%2Forg.rubinobs%2Flsst-dp2%3Frepo%3Ddp2%26id%3D019ed8c0-1309-7a4b-a6c1-e4e4343637cd,application/x-votable+xml;content=datalink,,3300,3300,,,,,,,6.936e-07,8.188e-07,,i,phot.flux.density,,LSSTCam,,,5064,49,i,,deep_coadd - i - tract=5064 patch=49,53.90024046724222,-27.601399903144582,0.25924239288316125,POLYGON ICRS 53.796029 -27.692388 54.003039 -27.693648 54.004278 -27.510330 53.797613 -27.509081
image,lsst.deep_coadd,Rubin:Simonyi,3,,lsst_cells_v2-5064-59,LSST.DP2,ivo://org.rubinobs/usdac/lsst-dp2?repo=dp2&id=019ed8bf-0a75-7172-b6d2-ccea8cb77b4e,https://data.lsst.cloud/api/datalink/links?ID=ivo%3A%2F%2Forg.rubinobs%2Flsst-dp2%3Frepo%3Ddp2%26id%3D019ed8bf-0a75-7172-b6d2-ccea8cb77b4e,application/x-votable+xml;content=datalink,,3300,3300,,,,,,,6.936e-07,8.188e-07,,i,phot.flux.density,,LSSTCam,,,5064,59,i,,deep_coadd - i - tract=5064 patch=59,53.90152196397663,-27.43475207607907,0.2592423938458476,POLYGON ICRS 53.797470 -27.525745 54.004165 -27.526995 54.005401 -27.343678 53.799049 -27.342437
